0 verbose cli /data/data/com.termux/files/usr/bin/node /data/data/com.termux/files/usr/bin/npm
1 info using npm@11.16.0
2 info using node@v26.2.0
3 silly config load:file:/data/data/com.termux/files/usr/lib/node_modules/npm/npmrc
4 silly config load:file:/data/data/com.termux/files/home/.npmrc
5 silly config load:file:/data/data/com.termux/files/usr/etc/npmrc
6 verbose title npm install @githubnext/github-copilot-cli
7 verbose argv "install" "--global" "@githubnext/github-copilot-cli"
8 verbose logfile logs-max:10 dir:/data/data/com.termux/files/home/.npm/_logs/2026-06-18T03_00_20_129Z-
9 verbose logfile /data/data/com.termux/files/home/.npm/_logs/2026-06-18T03_00_20_129Z-debug-0.log
10 silly packumentCache heap:996409344 maxSize:249102336 maxEntrySize:124551168
11 silly logfile done cleaning log files
12 silly idealTree buildDeps
13 silly fetch manifest @githubnext/github-copilot-cli@*
14 silly packumentCache full:https://registry.npmjs.org/@githubnext%2fgithub-copilot-cli cache-miss
15 http fetch GET 200 https://registry.npmjs.org/npm 580ms
16 http fetch GET 200 https://registry.npmjs.org/@githubnext%2fgithub-copilot-cli 641ms (cache miss)
17 silly packumentCache full:https://registry.npmjs.org/@githubnext%2fgithub-copilot-cli set size:undefined disposed:false
18 silly placeDep ROOT @githubnext/github-copilot-cli@0.1.36 OK for:  want: *
19 silly fetch manifest ink@^3.2.0
20 silly packumentCache full:https://registry.npmjs.org/ink cache-miss
21 silly fetch manifest ora@^6.1.2
22 silly packumentCache full:https://registry.npmjs.org/ora cache-miss
23 silly fetch manifest uuid@^9.0.0
24 silly packumentCache full:https://registry.npmjs.org/uuid cache-miss
25 silly fetch manifest axios@^1.6.0
26 silly packumentCache full:https://registry.npmjs.org/axios cache-miss
27 silly fetch manifest chalk@^5.1.0
28 silly packumentCache full:https://registry.npmjs.org/chalk cache-miss
29 silly fetch manifest immer@^9.0.16
30 silly packumentCache full:https://registry.npmjs.org/immer cache-miss
31 silly fetch manifest react@17
32 silly packumentCache full:https://registry.npmjs.org/react cache-miss
33 http fetch GET 200 https://registry.npmjs.org/chalk 120ms (cache miss)
34 silly packumentCache full:https://registry.npmjs.org/chalk set size:undefined disposed:false
35 silly fetch manifest marked@^4.2.12
36 silly packumentCache full:https://registry.npmjs.org/marked cache-miss
37 http fetch GET 200 https://registry.npmjs.org/uuid 148ms (cache miss)
38 silly packumentCache full:https://registry.npmjs.org/uuid set size:undefined disposed:false
39 silly fetch manifest radash@^9.1.0
40 silly packumentCache full:https://registry.npmjs.org/radash cache-miss
41 http fetch GET 200 https://registry.npmjs.org/ora 257ms (cache miss)
42 silly packumentCache full:https://registry.npmjs.org/ora set size:undefined disposed:false
43 silly fetch manifest semver@^5.7.2
44 silly packumentCache full:https://registry.npmjs.org/semver cache-miss
45 http fetch GET 200 https://registry.npmjs.org/radash 199ms (cache miss)
46 silly packumentCache full:https://registry.npmjs.org/radash set size:undefined disposed:false
47 silly fetch manifest zustand@^4.1.4
48 silly packumentCache full:https://registry.npmjs.org/zustand cache-miss
49 http fetch GET 200 https://registry.npmjs.org/marked 267ms (cache miss)
50 silly packumentCache full:https://registry.npmjs.org/marked set size:undefined disposed:false
51 silly fetch manifest inquirer@^9.1.4
52 silly packumentCache full:https://registry.npmjs.org/inquirer cache-miss
53 http fetch GET 200 https://registry.npmjs.org/ink 476ms (cache miss)
54 silly packumentCache full:https://registry.npmjs.org/ink set size:undefined disposed:false
55 silly fetch manifest commander@^9.4.1
56 silly packumentCache full:https://registry.npmjs.org/commander cache-miss
57 http fetch GET 200 https://registry.npmjs.org/axios 494ms (cache miss)
58 silly packumentCache full:https://registry.npmjs.org/axios set size:undefined disposed:false
59 silly fetch manifest react-dom@17
60 silly packumentCache full:https://registry.npmjs.org/react-dom cache-miss
61 http fetch GET 200 https://registry.npmjs.org/immer 532ms (cache miss)
62 silly packumentCache full:https://registry.npmjs.org/immer set size:undefined disposed:false
63 silly fetch manifest ts-dedent@^2.2.0
64 silly packumentCache full:https://registry.npmjs.org/ts-dedent cache-miss
65 http fetch GET 200 https://registry.npmjs.org/semver 306ms (cache updated)
66 silly packumentCache full:https://registry.npmjs.org/semver set size:undefined disposed:false
67 silly fetch manifest get-stream@^6.0.1
68 silly packumentCache full:https://registry.npmjs.org/get-stream cache-miss
69 http fetch GET 200 https://registry.npmjs.org/ts-dedent 93ms (cache miss)
70 silly packumentCache full:https://registry.npmjs.org/ts-dedent set size:undefined disposed:false
71 silly fetch manifest ink-divider@^3.0.0
72 silly packumentCache full:https://registry.npmjs.org/ink-divider cache-miss
73 http fetch GET 200 https://registry.npmjs.org/commander 173ms (cache miss)
74 silly packumentCache full:https://registry.npmjs.org/commander set size:undefined disposed:false
75 silly fetch manifest ink-spinner@^4.0.3
76 silly packumentCache full:https://registry.npmjs.org/ink-spinner cache-miss
77 http fetch GET 200 https://registry.npmjs.org/zustand 313ms (cache miss)
78 silly packumentCache full:https://registry.npmjs.org/zustand set size:undefined disposed:false
79 silly fetch manifest react-query@^3.39.2
80 silly packumentCache full:https://registry.npmjs.org/react-query cache-miss
81 http fetch GET 200 https://registry.npmjs.org/inquirer 313ms (cache miss)
82 silly packumentCache full:https://registry.npmjs.org/inquirer set size:undefined disposed:false
83 silly fetch manifest use-zustand@^0.0.1
84 silly packumentCache full:https://registry.npmjs.org/use-zustand cache-miss
85 http fetch GET 200 https://registry.npmjs.org/get-stream 192ms (cache miss)
86 silly packumentCache full:https://registry.npmjs.org/get-stream set size:undefined disposed:false
87 silly fetch manifest tough-cookie@^4.1.3
88 silly packumentCache full:https://registry.npmjs.org/tough-cookie cache-miss
89 http fetch GET 200 https://registry.npmjs.org/ink-spinner 128ms (cache miss)
90 silly packumentCache full:https://registry.npmjs.org/ink-spinner set size:undefined disposed:false
91 silly fetch manifest cli-highlight@^2.1.11
92 silly packumentCache full:https://registry.npmjs.org/cli-highlight cache-miss
93 http fetch GET 200 https://registry.npmjs.org/ink-divider 166ms (cache miss)
94 silly packumentCache full:https://registry.npmjs.org/ink-divider set size:undefined disposed:false
95 silly fetch manifest ink-text-input@^4.0.3
96 silly packumentCache full:https://registry.npmjs.org/ink-text-input cache-miss
97 http fetch GET 200 https://registry.npmjs.org/tough-cookie 80ms (cache miss)
98 silly packumentCache full:https://registry.npmjs.org/tough-cookie set size:undefined disposed:false
99 silly fetch manifest tiny-invariant@^1.3.1
100 silly packumentCache full:https://registry.npmjs.org/tiny-invariant cache-miss
101 http fetch GET 200 https://registry.npmjs.org/use-zustand 184ms (cache miss)
102 silly packumentCache full:https://registry.npmjs.org/use-zustand set size:undefined disposed:false
103 silly fetch manifest marked-terminal@^5.1.1
104 silly packumentCache full:https://registry.npmjs.org/marked-terminal cache-miss
105 http fetch GET 200 https://registry.npmjs.org/tiny-invariant 96ms (cache miss)
106 silly packumentCache full:https://registry.npmjs.org/tiny-invariant set size:undefined disposed:false
107 silly fetch manifest ink-select-input@^4.2.1
108 silly packumentCache full:https://registry.npmjs.org/ink-select-input cache-miss
109 http fetch GET 200 https://registry.npmjs.org/ink-text-input 167ms (cache miss)
110 silly packumentCache full:https://registry.npmjs.org/ink-text-input set size:undefined disposed:false
111 silly fetch manifest applicationinsights@^2.9.1
112 silly packumentCache full:https://registry.npmjs.org/applicationinsights cache-miss
113 http fetch GET 200 https://registry.npmjs.org/cli-highlight 201ms (cache miss)
114 silly packumentCache full:https://registry.npmjs.org/cli-highlight set size:undefined disposed:false
115 silly fetch manifest react-devtools-core@^4.28.4
116 silly packumentCache full:https://registry.npmjs.org/react-devtools-core cache-miss
117 http fetch GET 200 https://registry.npmjs.org/marked-terminal 90ms (cache miss)
118 silly packumentCache full:https://registry.npmjs.org/marked-terminal set size:undefined disposed:false
119 silly fetch manifest simple-update-notifier@^1.1.0
120 silly packumentCache full:https://registry.npmjs.org/simple-update-notifier cache-miss
121 http fetch GET 200 https://registry.npmjs.org/ink-select-input 137ms (cache miss)
122 silly packumentCache full:https://registry.npmjs.org/ink-select-input set size:undefined disposed:false
123 http fetch GET 200 https://registry.npmjs.org/simple-update-notifier 74ms (cache miss)
124 silly packumentCache full:https://registry.npmjs.org/simple-update-notifier set size:undefined disposed:false
125 http fetch GET 200 https://registry.npmjs.org/react-devtools-core 125ms (cache miss)
126 silly packumentCache full:https://registry.npmjs.org/react-devtools-core set size:undefined disposed:false
127 http fetch GET 200 https://registry.npmjs.org/applicationinsights 160ms (cache miss)
128 silly packumentCache full:https://registry.npmjs.org/applicationinsights set size:undefined disposed:false
129 http fetch GET 200 https://registry.npmjs.org/react 1273ms (cache updated)
130 silly packumentCache full:https://registry.npmjs.org/react set size:undefined disposed:false
131 http fetch GET 200 https://registry.npmjs.org/react-query 881ms (cache miss)
132 silly packumentCache full:https://registry.npmjs.org/react-query set size:undefined disposed:false
133 http fetch GET 200 https://registry.npmjs.org/react-dom 1164ms (cache updated)
134 silly packumentCache full:https://registry.npmjs.org/react-dom set size:undefined disposed:false
135 silly fetch manifest @types/react@>=16.8.0
136 silly packumentCache full:https://registry.npmjs.org/@types%2freact cache-miss
137 http fetch GET 200 https://registry.npmjs.org/@types%2freact 234ms (cache miss)
138 silly packumentCache full:https://registry.npmjs.org/@types%2freact set size:undefined disposed:false
139 silly fetch manifest @types/react@>=16.8
140 silly packumentCache full:https://registry.npmjs.org/@types%2freact cache-miss
141 http cache https://registry.npmjs.org/@types%2freact 26ms (cache hit)
142 silly packumentCache full:https://registry.npmjs.org/@types%2freact set size:2632776 disposed:false
143 silly fetch manifest applicationinsights-native-metrics@*
144 silly packumentCache full:https://registry.npmjs.org/applicationinsights-native-metrics cache-miss
145 http fetch GET 200 https://registry.npmjs.org/applicationinsights-native-metrics 147ms (cache miss)
146 silly packumentCache full:https://registry.npmjs.org/applicationinsights-native-metrics set size:undefined disposed:false
147 silly placeDep node_modules/@githubnext/github-copilot-cli applicationinsights@2.9.8 OK for: @githubnext/github-copilot-cli@0.1.36 want: ^2.9.1
148 silly placeDep node_modules/@githubnext/github-copilot-cli axios@1.18.0 OK for: @githubnext/github-copilot-cli@0.1.36 want: ^1.6.0
149 silly placeDep node_modules/@githubnext/github-copilot-cli chalk@5.6.2 OK for: @githubnext/github-copilot-cli@0.1.36 want: ^5.1.0
150 silly placeDep node_modules/@githubnext/github-copilot-cli cli-highlight@2.1.11 OK for: @githubnext/github-copilot-cli@0.1.36 want: ^2.1.11
151 silly placeDep node_modules/@githubnext/github-copilot-cli commander@9.5.0 OK for: @githubnext/github-copilot-cli@0.1.36 want: ^9.4.1
152 silly placeDep node_modules/@githubnext/github-copilot-cli get-stream@6.0.1 OK for: @githubnext/github-copilot-cli@0.1.36 want: ^6.0.1
153 silly placeDep node_modules/@githubnext/github-copilot-cli immer@9.0.21 OK for: @githubnext/github-copilot-cli@0.1.36 want: ^9.0.16
154 silly placeDep node_modules/@githubnext/github-copilot-cli ink@3.2.0 OK for: @githubnext/github-copilot-cli@0.1.36 want: ^3.2.0
155 silly placeDep node_modules/@githubnext/github-copilot-cli react@17.0.2 OK for: ink@3.2.0 want: >=16.8.0
156 silly placeDep node_modules/@githubnext/github-copilot-cli ink-divider@3.0.0 OK for: @githubnext/github-copilot-cli@0.1.36 want: ^3.0.0
157 silly placeDep node_modules/@githubnext/github-copilot-cli ink-select-input@4.2.2 OK for: @githubnext/github-copilot-cli@0.1.36 want: ^4.2.1
158 silly placeDep node_modules/@githubnext/github-copilot-cli ink-spinner@4.0.3 OK for: @githubnext/github-copilot-cli@0.1.36 want: ^4.0.3
159 silly placeDep node_modules/@githubnext/github-copilot-cli ink-text-input@4.0.3 OK for: @githubnext/github-copilot-cli@0.1.36 want: ^4.0.3
160 silly placeDep node_modules/@githubnext/github-copilot-cli inquirer@9.3.8 OK for: @githubnext/github-copilot-cli@0.1.36 want: ^9.1.4
161 silly placeDep node_modules/@githubnext/github-copilot-cli marked@4.3.0 OK for: @githubnext/github-copilot-cli@0.1.36 want: ^4.2.12
162 silly placeDep node_modules/@githubnext/github-copilot-cli marked-terminal@5.2.0 OK for: @githubnext/github-copilot-cli@0.1.36 want: ^5.1.1
163 silly placeDep node_modules/@githubnext/github-copilot-cli ora@6.3.1 OK for: @githubnext/github-copilot-cli@0.1.36 want: ^6.1.2
164 silly placeDep node_modules/@githubnext/github-copilot-cli radash@9.5.0 OK for: @githubnext/github-copilot-cli@0.1.36 want: ^9.1.0
165 silly placeDep node_modules/@githubnext/github-copilot-cli react-devtools-core@4.28.5 OK for: @githubnext/github-copilot-cli@0.1.36 want: ^4.28.4
166 silly placeDep node_modules/@githubnext/github-copilot-cli react-dom@17.0.2 OK for: @githubnext/github-copilot-cli@0.1.36 want: 17
167 silly placeDep node_modules/@githubnext/github-copilot-cli react-query@3.39.3 OK for: @githubnext/github-copilot-cli@0.1.36 want: ^3.39.2
168 silly placeDep node_modules/@githubnext/github-copilot-cli semver@5.7.2 OK for: @githubnext/github-copilot-cli@0.1.36 want: ^5.7.2
169 silly placeDep node_modules/@githubnext/github-copilot-cli simple-update-notifier@1.1.0 OK for: @githubnext/github-copilot-cli@0.1.36 want: ^1.1.0
170 silly placeDep node_modules/@githubnext/github-copilot-cli tiny-invariant@1.3.3 OK for: @githubnext/github-copilot-cli@0.1.36 want: ^1.3.1
171 silly placeDep node_modules/@githubnext/github-copilot-cli tough-cookie@4.1.4 OK for: @githubnext/github-copilot-cli@0.1.36 want: ^4.1.3
172 silly placeDep node_modules/@githubnext/github-copilot-cli ts-dedent@2.3.0 OK for: @githubnext/github-copilot-cli@0.1.36 want: ^2.2.0
173 silly placeDep node_modules/@githubnext/github-copilot-cli use-zustand@0.0.1 OK for: @githubnext/github-copilot-cli@0.1.36 want: ^0.0.1
174 silly placeDep node_modules/@githubnext/github-copilot-cli uuid@9.0.1 OK for: @githubnext/github-copilot-cli@0.1.36 want: ^9.0.0
175 silly placeDep node_modules/@githubnext/github-copilot-cli zustand@4.5.7 OK for: @githubnext/github-copilot-cli@0.1.36 want: ^4.1.4
176 silly fetch manifest cls-hooked@^4.2.2
177 silly packumentCache full:https://registry.npmjs.org/cls-hooked cache-miss
178 silly fetch manifest @azure/core-auth@1.7.2
179 silly packumentCache full:https://registry.npmjs.org/@azure%2fcore-auth cache-miss
180 silly fetch manifest @opentelemetry/api@^1.7.0
181 silly packumentCache full:https://registry.npmjs.org/@opentelemetry%2fapi cache-miss
182 silly fetch manifest diagnostic-channel@1.1.1
183 silly packumentCache full:https://registry.npmjs.org/diagnostic-channel cache-miss
184 silly fetch manifest @opentelemetry/core@^1.19.0
185 silly packumentCache full:https://registry.npmjs.org/@opentelemetry%2fcore cache-miss
186 silly fetch manifest @azure/core-rest-pipeline@1.16.3
187 silly packumentCache full:https://registry.npmjs.org/@azure%2fcore-rest-pipeline cache-miss
188 silly fetch manifest continuation-local-storage@^3.2.1
189 silly packumentCache full:https://registry.npmjs.org/continuation-local-storage cache-miss
190 http fetch GET 200 https://registry.npmjs.org/diagnostic-channel 68ms (cache miss)
191 silly packumentCache full:https://registry.npmjs.org/diagnostic-channel set size:undefined disposed:false
192 silly fetch manifest @opentelemetry/sdk-trace-base@^1.19.0
193 silly packumentCache full:https://registry.npmjs.org/@opentelemetry%2fsdk-trace-base cache-miss
194 http fetch GET 200 https://registry.npmjs.org/cls-hooked 91ms (cache miss)
195 silly packumentCache full:https://registry.npmjs.org/cls-hooked set size:undefined disposed:false
196 silly fetch manifest diagnostic-channel-publishers@1.0.8
197 silly packumentCache full:https://registry.npmjs.org/diagnostic-channel-publishers cache-miss
198 http fetch GET 200 https://registry.npmjs.org/continuation-local-storage 137ms (cache miss)
199 silly packumentCache full:https://registry.npmjs.org/continuation-local-storage set size:undefined disposed:false
200 silly fetch manifest @opentelemetry/semantic-conventions@^1.19.0
201 silly packumentCache full:https://registry.npmjs.org/@opentelemetry%2fsemantic-conventions cache-miss
202 http fetch GET 200 https://registry.npmjs.org/@opentelemetry%2fcore 187ms (cache miss)
203 silly packumentCache full:https://registry.npmjs.org/@opentelemetry%2fcore set size:undefined disposed:false
204 silly fetch manifest @microsoft/applicationinsights-web-snippet@1.0.1
205 silly packumentCache full:https://registry.npmjs.org/@microsoft%2fapplicationinsights-web-snippet cache-miss
206 http fetch GET 200 https://registry.npmjs.org/diagnostic-channel-publishers 124ms (cache miss)
207 silly packumentCache full:https://registry.npmjs.org/diagnostic-channel-publishers set size:undefined disposed:false
208 silly fetch manifest @azure/opentelemetry-instrumentation-azure-sdk@^1.0.0-beta.5
209 silly packumentCache full:https://registry.npmjs.org/@azure%2fopentelemetry-instrumentation-azure-sdk cache-miss
210 http fetch GET 200 https://registry.npmjs.org/@opentelemetry%2fapi 243ms (cache updated)
211 silly packumentCache full:https://registry.npmjs.org/@opentelemetry%2fapi set size:undefined disposed:false
212 silly fetch manifest form-data@^4.0.5
213 silly packumentCache full:https://registry.npmjs.org/form-data cache-miss
214 http fetch GET 200 https://registry.npmjs.org/@opentelemetry%2fsdk-trace-base 186ms (cache miss)
215 silly packumentCache full:https://registry.npmjs.org/@opentelemetry%2fsdk-trace-base set size:undefined disposed:false
216 silly fetch manifest proxy-from-env@^2.1.0
217 silly packumentCache full:https://registry.npmjs.org/proxy-from-env cache-miss
218 http fetch GET 200 https://registry.npmjs.org/@opentelemetry%2fsemantic-conventions 263ms (cache miss)
219 silly packumentCache full:https://registry.npmjs.org/@opentelemetry%2fsemantic-conventions set size:undefined disposed:false
220 silly fetch manifest follow-redirects@^1.16.0
221 silly packumentCache full:https://registry.npmjs.org/follow-redirects cache-miss
222 http fetch GET 200 https://registry.npmjs.org/proxy-from-env 150ms (cache miss)
223 silly packumentCache full:https://registry.npmjs.org/proxy-from-env set size:undefined disposed:false
224 silly fetch manifest https-proxy-agent@^5.0.1
225 silly packumentCache full:https://registry.npmjs.org/https-proxy-agent cache-miss
226 http fetch GET 200 https://registry.npmjs.org/@microsoft%2fapplicationinsights-web-snippet 218ms (cache miss)
227 silly packumentCache full:https://registry.npmjs.org/@microsoft%2fapplicationinsights-web-snippet set size:undefined disposed:false
228 silly fetch manifest chalk@^4.0.0
229 silly packumentCache full:https://registry.npmjs.org/chalk cache-miss
230 http fetch GET 200 https://registry.npmjs.org/form-data 181ms (cache miss)
231 silly packumentCache full:https://registry.npmjs.org/form-data set size:undefined disposed:false
232 silly fetch manifest highlight.js@^10.7.1
233 silly packumentCache full:https://registry.npmjs.org/highlight.js cache-miss
234 http fetch GET 200 https://registry.npmjs.org/@azure%2fcore-auth 460ms (cache miss)
235 silly packumentCache full:https://registry.npmjs.org/@azure%2fcore-auth set size:undefined disposed:false
236 silly fetch manifest mz@^2.4.0
237 silly packumentCache full:https://registry.npmjs.org/mz cache-miss
238 http cache https://registry.npmjs.org/chalk 106ms (cache hit)
239 silly packumentCache full:https://registry.npmjs.org/chalk set size:117861 disposed:false
240 silly fetch manifest parse5@^5.1.1
241 silly packumentCache full:https://registry.npmjs.org/parse5 cache-miss
242 http fetch GET 200 https://registry.npmjs.org/https-proxy-agent 161ms (cache miss)
243 silly packumentCache full:https://registry.npmjs.org/https-proxy-agent set size:undefined disposed:false
244 silly fetch manifest parse5-htmlparser2-tree-adapter@^6.0.0
245 silly packumentCache full:https://registry.npmjs.org/parse5-htmlparser2-tree-adapter cache-miss
246 http fetch GET 200 https://registry.npmjs.org/mz 108ms (cache miss)
247 silly packumentCache full:https://registry.npmjs.org/mz set size:undefined disposed:false
248 silly fetch manifest yargs@^16.0.0
249 silly packumentCache full:https://registry.npmjs.org/yargs cache-miss
250 http fetch GET 200 https://registry.npmjs.org/follow-redirects 208ms (cache miss)
251 silly packumentCache full:https://registry.npmjs.org/follow-redirects set size:undefined disposed:false
252 silly fetch manifest ws@^7.5.5
253 silly packumentCache full:https://registry.npmjs.org/ws cache-miss
254 http fetch GET 200 https://registry.npmjs.org/parse5 94ms (cache miss)
255 silly packumentCache full:https://registry.npmjs.org/parse5 set size:undefined disposed:false
256 silly fetch manifest chalk@^4.1.0
257 silly packumentCache full:https://registry.npmjs.org/chalk cache-hit
258 silly fetch manifest is-ci@^2.0.0
259 silly packumentCache full:https://registry.npmjs.org/is-ci cache-miss
260 http fetch GET 200 https://registry.npmjs.org/@azure%2fcore-rest-pipeline 666ms (cache miss)
261 silly packumentCache full:https://registry.npmjs.org/@azure%2fcore-rest-pipeline set size:undefined disposed:false
262 silly fetch manifest lodash@^4.17.20
263 silly packumentCache full:https://registry.npmjs.org/lodash cache-miss
264 http fetch GET 200 https://registry.npmjs.org/parse5-htmlparser2-tree-adapter 143ms (cache miss)
265 silly packumentCache full:https://registry.npmjs.org/parse5-htmlparser2-tree-adapter set size:undefined disposed:false
266 silly fetch manifest auto-bind@4.0.0
267 silly packumentCache full:https://registry.npmjs.org/auto-bind cache-miss
268 http fetch GET 200 https://registry.npmjs.org/is-ci 105ms (cache miss)
269 silly packumentCache full:https://registry.npmjs.org/is-ci set size:undefined disposed:false
270 silly fetch manifest cli-boxes@^2.2.0
271 silly packumentCache full:https://registry.npmjs.org/cli-boxes cache-miss
272 http fetch GET 200 https://registry.npmjs.org/highlight.js 338ms (cache miss)
273 silly packumentCache full:https://registry.npmjs.org/highlight.js set size:undefined disposed:false
274 silly fetch manifest scheduler@^0.20.2
275 silly packumentCache full:https://registry.npmjs.org/scheduler cache-miss
276 http fetch GET 200 https://registry.npmjs.org/ws 190ms (cache miss)
277 silly packumentCache full:https://registry.npmjs.org/ws set size:undefined disposed:false
278 silly fetch manifest type-fest@^0.12.0
279 silly packumentCache full:https://registry.npmjs.org/type-fest cache-miss
280 http fetch GET 200 https://registry.npmjs.org/cli-boxes 111ms (cache miss)
281 silly packumentCache full:https://registry.npmjs.org/cli-boxes set size:undefined disposed:false
282 silly fetch manifest wrap-ansi@^6.2.0
283 silly packumentCache full:https://registry.npmjs.org/wrap-ansi cache-miss
284 http fetch GET 200 https://registry.npmjs.org/auto-bind 159ms (cache miss)
285 silly packumentCache full:https://registry.npmjs.org/auto-bind set size:undefined disposed:false
286 silly fetch manifest cli-cursor@^3.1.0
287 silly packumentCache full:https://registry.npmjs.org/cli-cursor cache-miss
288 http fetch GET 200 https://registry.npmjs.org/yargs 290ms (cache miss)
289 silly packumentCache full:https://registry.npmjs.org/yargs set size:undefined disposed:false
290 silly fetch manifest slice-ansi@^3.0.0
291 silly packumentCache full:https://registry.npmjs.org/slice-ansi cache-miss
292 http fetch GET 200 https://registry.npmjs.org/lodash 227ms (cache miss)
293 silly packumentCache full:https://registry.npmjs.org/lodash set size:undefined disposed:false
294 silly fetch manifest signal-exit@^3.0.2
295 silly packumentCache full:https://registry.npmjs.org/signal-exit cache-miss
296 http fetch GET 200 https://registry.npmjs.org/@azure%2fopentelemetry-instrumentation-azure-sdk 764ms (cache miss)
297 silly packumentCache full:https://registry.npmjs.org/@azure%2fopentelemetry-instrumentation-azure-sdk set size:undefined disposed:false
298 silly fetch manifest stack-utils@^2.0.2
299 silly packumentCache full:https://registry.npmjs.org/stack-utils cache-miss
300 http fetch GET 200 https://registry.npmjs.org/cli-cursor 163ms (cache miss)
301 silly packumentCache full:https://registry.npmjs.org/cli-cursor set size:undefined disposed:false
302 silly fetch manifest widest-line@^3.1.0
303 silly packumentCache full:https://registry.npmjs.org/widest-line cache-miss
304 http fetch GET 200 https://registry.npmjs.org/signal-exit 115ms (cache miss)
305 silly packumentCache full:https://registry.npmjs.org/signal-exit set size:undefined disposed:false
306 silly fetch manifest ansi-escapes@^4.2.1
307 silly packumentCache full:https://registry.npmjs.org/ansi-escapes cache-miss
308 http fetch GET 200 https://registry.npmjs.org/type-fest 230ms (cache miss)
309 silly packumentCache full:https://registry.npmjs.org/type-fest set size:undefined disposed:false
310 silly fetch manifest cli-truncate@^2.1.0
311 silly packumentCache full:https://registry.npmjs.org/cli-truncate cache-miss
312 http fetch GET 200 https://registry.npmjs.org/slice-ansi 166ms (cache miss)
313 silly packumentCache full:https://registry.npmjs.org/slice-ansi set size:undefined disposed:false
314 silly fetch manifest code-excerpt@^3.0.0
315 silly packumentCache full:https://registry.npmjs.org/code-excerpt cache-miss
316 http fetch GET 200 https://registry.npmjs.org/wrap-ansi 229ms (cache miss)
317 silly packumentCache full:https://registry.npmjs.org/wrap-ansi set size:undefined disposed:false
318 silly fetch manifest string-width@^4.2.2
319 silly packumentCache full:https://registry.npmjs.org/string-width cache-miss
320 http fetch GET 200 https://registry.npmjs.org/widest-line 473ms (cache miss)
321 silly packumentCache full:https://registry.npmjs.org/widest-line set size:undefined disposed:false
322 silly fetch manifest indent-string@^4.0.0
323 silly packumentCache full:https://registry.npmjs.org/indent-string cache-miss
324 http fetch GET 200 https://registry.npmjs.org/string-width 436ms (cache miss)
325 silly packumentCache full:https://registry.npmjs.org/string-width set size:undefined disposed:false
326 silly fetch manifest patch-console@^1.0.0
327 silly packumentCache full:https://registry.npmjs.org/patch-console cache-miss
328 http fetch GET 200 https://registry.npmjs.org/ansi-escapes 475ms (cache miss)
329 silly packumentCache full:https://registry.npmjs.org/ansi-escapes set size:undefined disposed:false
330 silly fetch manifest react-reconciler@^0.26.2
331 silly packumentCache full:https://registry.npmjs.org/react-reconciler cache-miss
332 http fetch GET 200 https://registry.npmjs.org/cli-truncate 467ms (cache miss)
333 silly packumentCache full:https://registry.npmjs.org/cli-truncate set size:undefined disposed:false
334 silly fetch manifest react-devtools-core@^4.19.1
335 silly packumentCache full:https://registry.npmjs.org/react-devtools-core cache-miss
336 http fetch GET 200 https://registry.npmjs.org/stack-utils 547ms (cache miss)
337 silly packumentCache full:https://registry.npmjs.org/stack-utils set size:undefined disposed:false
338 silly fetch manifest yoga-layout-prebuilt@^1.9.6
339 silly packumentCache full:https://registry.npmjs.org/yoga-layout-prebuilt cache-miss
340 http fetch GET 200 https://registry.npmjs.org/code-excerpt 479ms (cache miss)
341 silly packumentCache full:https://registry.npmjs.org/code-excerpt set size:undefined disposed:false
342 silly fetch manifest loose-envify@^1.1.0
343 silly packumentCache full:https://registry.npmjs.org/loose-envify cache-miss
344 http cache https://registry.npmjs.org/react-devtools-core 27ms (cache hit)
345 silly packumentCache full:https://registry.npmjs.org/react-devtools-core set size:459848 disposed:false
346 silly fetch manifest object-assign@^4.1.1
347 silly packumentCache full:https://registry.npmjs.org/object-assign cache-miss
348 http fetch GET 200 https://registry.npmjs.org/indent-string 80ms (cache miss)
349 silly packumentCache full:https://registry.npmjs.org/indent-string set size:undefined disposed:false
350 silly fetch manifest prop-types@^15.7.2
351 silly packumentCache full:https://registry.npmjs.org/prop-types cache-miss
352 http fetch GET 200 https://registry.npmjs.org/loose-envify 51ms (cache miss)
353 silly packumentCache full:https://registry.npmjs.org/loose-envify set size:undefined disposed:false
354 silly fetch manifest string-width@^4.0.0
355 silly packumentCache full:https://registry.npmjs.org/string-width cache-miss
356 http cache https://registry.npmjs.org/string-width 13ms (cache hit)
357 silly packumentCache full:https://registry.npmjs.org/string-width set size:70381 disposed:false
358 silly fetch manifest figures@^3.2.0
359 silly packumentCache full:https://registry.npmjs.org/figures cache-miss
360 http fetch GET 200 https://registry.npmjs.org/object-assign 112ms (cache miss)
361 silly packumentCache full:https://registry.npmjs.org/object-assign set size:undefined disposed:false
362 silly fetch manifest arr-rotate@^1.0.0
363 silly packumentCache full:https://registry.npmjs.org/arr-rotate cache-miss
364 http fetch GET 200 https://registry.npmjs.org/patch-console 185ms (cache miss)
365 silly packumentCache full:https://registry.npmjs.org/patch-console set size:undefined disposed:false
366 silly fetch manifest lodash.isequal@^4.5.0
367 silly packumentCache full:https://registry.npmjs.org/lodash.isequal cache-miss
368 http fetch GET 200 https://registry.npmjs.org/yoga-layout-prebuilt 198ms (cache miss)
369 silly packumentCache full:https://registry.npmjs.org/yoga-layout-prebuilt set size:undefined disposed:false
370 silly fetch manifest cli-spinners@^2.3.0
371 silly packumentCache full:https://registry.npmjs.org/cli-spinners cache-miss
372 http fetch GET 200 https://registry.npmjs.org/figures 119ms (cache miss)
373 silly packumentCache full:https://registry.npmjs.org/figures set size:undefined disposed:false
374 silly fetch manifest type-fest@^0.15.1
375 silly packumentCache full:https://registry.npmjs.org/type-fest cache-miss
376 http fetch GET 200 https://registry.npmjs.org/prop-types 159ms (cache miss)
377 silly packumentCache full:https://registry.npmjs.org/prop-types set size:undefined disposed:false
378 silly fetch manifest ora@^5.4.1
379 silly packumentCache full:https://registry.npmjs.org/ora cache-miss
380 http cache https://registry.npmjs.org/type-fest 34ms (cache hit)
381 silly packumentCache full:https://registry.npmjs.org/type-fest set size:563278 disposed:false
382 silly fetch manifest rxjs@^7.8.1
383 silly packumentCache full:https://registry.npmjs.org/rxjs cache-miss
384 http cache https://registry.npmjs.org/ora 46ms (cache hit)
385 silly packumentCache full:https://registry.npmjs.org/ora set size:144913 disposed:false
386 silly fetch manifest cli-width@^4.1.0
387 silly packumentCache full:https://registry.npmjs.org/cli-width cache-miss
388 http fetch GET 200 https://registry.npmjs.org/lodash.isequal 119ms (cache miss)
389 silly packumentCache full:https://registry.npmjs.org/lodash.isequal set size:undefined disposed:false
390 silly fetch manifest run-async@^3.0.0
391 silly packumentCache full:https://registry.npmjs.org/run-async cache-miss
392 http fetch GET 200 https://registry.npmjs.org/arr-rotate 153ms (cache miss)
393 silly packumentCache full:https://registry.npmjs.org/arr-rotate set size:undefined disposed:false
394 silly fetch manifest strip-ansi@^6.0.1
395 silly packumentCache full:https://registry.npmjs.org/strip-ansi cache-miss
396 http fetch GET 200 https://registry.npmjs.org/cli-width 58ms (cache miss)
397 silly packumentCache full:https://registry.npmjs.org/cli-width set size:undefined disposed:false
398 silly fetch manifest mute-stream@1.0.0
399 silly packumentCache full:https://registry.npmjs.org/mute-stream cache-miss
400 http fetch GET 200 https://registry.npmjs.org/cli-spinners 162ms (cache miss)
401 silly packumentCache full:https://registry.npmjs.org/cli-spinners set size:undefined disposed:false
402 silly fetch manifest ansi-escapes@^4.3.2
403 silly packumentCache full:https://registry.npmjs.org/ansi-escapes cache-miss
404 http fetch GET 200 https://registry.npmjs.org/strip-ansi 63ms (cache miss)
405 silly packumentCache full:https://registry.npmjs.org/strip-ansi set size:undefined disposed:false
406 silly fetch manifest string-width@^4.2.3
407 silly packumentCache full:https://registry.npmjs.org/string-width cache-hit
408 silly fetch manifest yoctocolors-cjs@^2.1.2
409 silly packumentCache full:https://registry.npmjs.org/yoctocolors-cjs cache-miss
410 http cache https://registry.npmjs.org/ansi-escapes 31ms (cache hit)
411 silly packumentCache full:https://registry.npmjs.org/ansi-escapes set size:70915 disposed:false
412 silly fetch manifest @inquirer/figures@^1.0.3
413 silly packumentCache full:https://registry.npmjs.org/@inquirer%2ffigures cache-miss
414 http fetch GET 200 https://registry.npmjs.org/mute-stream 74ms (cache miss)
415 silly packumentCache full:https://registry.npmjs.org/mute-stream set size:undefined disposed:false
416 silly fetch manifest @inquirer/external-editor@^1.0.2
417 silly packumentCache full:https://registry.npmjs.org/@inquirer%2fexternal-editor cache-miss
418 http fetch GET 200 https://registry.npmjs.org/scheduler 1183ms (cache updated)
419 silly packumentCache full:https://registry.npmjs.org/scheduler set size:undefined disposed:false
420 silly fetch manifest cardinal@^2.1.1
421 silly packumentCache full:https://registry.npmjs.org/cardinal cache-miss
422 http fetch GET 200 https://registry.npmjs.org/run-async 282ms (cache miss)
423 silly packumentCache full:https://registry.npmjs.org/run-async set size:undefined disposed:false
424 silly fetch manifest cli-table3@^0.6.3
425 silly packumentCache full:https://registry.npmjs.org/cli-table3 cache-miss
426 http fetch GET 200 https://registry.npmjs.org/yoctocolors-cjs 223ms (cache miss)
427 silly packumentCache full:https://registry.npmjs.org/yoctocolors-cjs set size:undefined disposed:false
428 silly fetch manifest node-emoji@^1.11.0
429 silly packumentCache full:https://registry.npmjs.org/node-emoji cache-miss
430 http fetch GET 200 https://registry.npmjs.org/rxjs 382ms (cache miss)
431 silly packumentCache full:https://registry.npmjs.org/rxjs set size:undefined disposed:false
432 silly fetch manifest ansi-escapes@^6.2.0
433 silly packumentCache full:https://registry.npmjs.org/ansi-escapes cache-hit
434 silly fetch manifest supports-hyperlinks@^2.3.0
435 silly packumentCache full:https://registry.npmjs.org/supports-hyperlinks cache-miss
436 http fetch GET 200 https://registry.npmjs.org/@inquirer%2ffigures 279ms (cache miss)
437 silly packumentCache full:https://registry.npmjs.org/@inquirer%2ffigures set size:undefined disposed:false
438 silly fetch manifest wcwidth@^1.0.1
439 silly packumentCache full:https://registry.npmjs.org/wcwidth cache-miss
440 http fetch GET 200 https://registry.npmjs.org/cardinal 136ms (cache miss)
441 silly packumentCache full:https://registry.npmjs.org/cardinal set size:undefined disposed:false
442 silly fetch manifest cli-cursor@^4.0.0
443 silly packumentCache full:https://registry.npmjs.org/cli-cursor cache-miss
444 http fetch GET 200 https://registry.npmjs.org/cli-table3 134ms (cache miss)
445 silly packumentCache full:https://registry.npmjs.org/cli-table3 set size:undefined disposed:false
446 silly fetch manifest strip-ansi@^7.0.1
447 silly packumentCache full:https://registry.npmjs.org/strip-ansi cache-miss
448 http cache https://registry.npmjs.org/cli-cursor 27ms (cache hit)
449 silly packumentCache full:https://registry.npmjs.org/cli-cursor set size:18913 disposed:false
450 silly fetch manifest log-symbols@^5.1.0
451 silly packumentCache full:https://registry.npmjs.org/log-symbols cache-miss
452 http cache https://registry.npmjs.org/strip-ansi 33ms (cache hit)
453 silly packumentCache full:https://registry.npmjs.org/strip-ansi set size:44998 disposed:false
454 silly fetch manifest cli-spinners@^2.6.1
455 silly packumentCache full:https://registry.npmjs.org/cli-spinners cache-miss
456 http cache https://registry.npmjs.org/cli-spinners 9ms (cache hit)
457 silly packumentCache full:https://registry.npmjs.org/cli-spinners set size:67473 disposed:false
458 silly fetch manifest is-interactive@^2.0.0
459 silly packumentCache full:https://registry.npmjs.org/is-interactive cache-miss
460 http fetch GET 200 https://registry.npmjs.org/log-symbols 250ms (cache miss)
461 silly packumentCache full:https://registry.npmjs.org/log-symbols set size:undefined disposed:false
462 silly fetch manifest stdin-discarder@^0.1.0
463 silly packumentCache full:https://registry.npmjs.org/stdin-discarder cache-miss
464 http fetch GET 200 https://registry.npmjs.org/@inquirer%2fexternal-editor 584ms (cache miss)
465 silly packumentCache full:https://registry.npmjs.org/@inquirer%2fexternal-editor set size:undefined disposed:false
466 silly fetch manifest is-unicode-supported@^1.1.0
467 silly packumentCache full:https://registry.npmjs.org/is-unicode-supported cache-miss
468 http fetch GET 200 https://registry.npmjs.org/node-emoji 398ms (cache miss)
469 silly packumentCache full:https://registry.npmjs.org/node-emoji set size:undefined disposed:false
470 silly fetch manifest ws@^7
471 silly packumentCache full:https://registry.npmjs.org/ws cache-miss
472 http fetch GET 200 https://registry.npmjs.org/is-interactive 246ms (cache miss)
473 silly packumentCache full:https://registry.npmjs.org/is-interactive set size:undefined disposed:false
474 silly fetch manifest shell-quote@^1.6.1
475 silly packumentCache full:https://registry.npmjs.org/shell-quote cache-miss
476 http fetch GET 200 https://registry.npmjs.org/wcwidth 336ms (cache miss)
477 silly packumentCache full:https://registry.npmjs.org/wcwidth set size:undefined disposed:false
478 silly fetch manifest @babel/runtime@^7.5.5
479 silly packumentCache full:https://registry.npmjs.org/@babel%2fruntime cache-miss
480 http cache https://registry.npmjs.org/ws 33ms (cache hit)
481 silly packumentCache full:https://registry.npmjs.org/ws set size:427091 disposed:false
482 silly fetch manifest broadcast-channel@^3.4.1
483 silly packumentCache full:https://registry.npmjs.org/broadcast-channel cache-miss
484 http fetch GET 200 https://registry.npmjs.org/supports-hyperlinks 396ms (cache miss)
485 silly packumentCache full:https://registry.npmjs.org/supports-hyperlinks set size:undefined disposed:false
486 silly fetch manifest match-sorter@^6.0.2
487 silly packumentCache full:https://registry.npmjs.org/match-sorter cache-miss
488 http fetch GET 200 https://registry.npmjs.org/is-unicode-supported 87ms (cache miss)
489 silly packumentCache full:https://registry.npmjs.org/is-unicode-supported set size:undefined disposed:false
490 silly fetch manifest semver@~7.0.0
491 silly packumentCache full:https://registry.npmjs.org/semver cache-miss
492 http fetch GET 200 https://registry.npmjs.org/stdin-discarder 98ms (cache miss)
493 silly packumentCache full:https://registry.npmjs.org/stdin-discarder set size:undefined disposed:false
494 silly fetch manifest psl@^1.1.33
495 silly packumentCache full:https://registry.npmjs.org/psl cache-miss
496 http fetch GET 200 https://registry.npmjs.org/shell-quote 84ms (cache miss)
497 silly packumentCache full:https://registry.npmjs.org/shell-quote set size:undefined disposed:false
498 silly fetch manifest punycode@^2.1.1
499 silly packumentCache full:https://registry.npmjs.org/punycode cache-miss
500 http cache https://registry.npmjs.org/semver 26ms (cache hit)
501 silly packumentCache full:https://registry.npmjs.org/semver set size:243512 disposed:false
502 silly fetch manifest url-parse@^1.5.3
503 silly packumentCache full:https://registry.npmjs.org/url-parse cache-miss
504 http fetch GET 200 https://registry.npmjs.org/match-sorter 99ms (cache miss)
505 silly packumentCache full:https://registry.npmjs.org/match-sorter set size:undefined disposed:false
506 silly fetch manifest universalify@^0.2.0
507 silly packumentCache full:https://registry.npmjs.org/universalify cache-miss
508 http fetch GET 200 https://registry.npmjs.org/psl 92ms (cache miss)
509 silly packumentCache full:https://registry.npmjs.org/psl set size:undefined disposed:false
510 silly fetch manifest use-sync-external-store@^1.2.2
511 silly packumentCache full:https://registry.npmjs.org/use-sync-external-store cache-miss
512 http fetch GET 200 https://registry.npmjs.org/punycode 106ms (cache miss)
513 silly packumentCache full:https://registry.npmjs.org/punycode set size:undefined disposed:false
514 http fetch GET 200 https://registry.npmjs.org/url-parse 102ms (cache miss)
515 silly packumentCache full:https://registry.npmjs.org/url-parse set size:undefined disposed:false
516 http fetch GET 200 https://registry.npmjs.org/react-reconciler 1257ms (cache miss)
517 silly packumentCache full:https://registry.npmjs.org/react-reconciler set size:undefined disposed:false
518 http fetch GET 200 https://registry.npmjs.org/universalify 242ms (cache miss)
519 silly packumentCache full:https://registry.npmjs.org/universalify set size:undefined disposed:false
520 http fetch GET 200 https://registry.npmjs.org/broadcast-channel 384ms (cache miss)
521 silly packumentCache full:https://registry.npmjs.org/broadcast-channel set size:undefined disposed:false
522 http fetch GET 200 https://registry.npmjs.org/@babel%2fruntime 512ms (cache miss)
523 silly packumentCache full:https://registry.npmjs.org/@babel%2fruntime set size:undefined disposed:false
524 http fetch GET 200 https://registry.npmjs.org/use-sync-external-store 733ms (cache miss)
525 silly packumentCache full:https://registry.npmjs.org/use-sync-external-store set size:undefined disposed:false
526 silly placeDep node_modules/@githubnext/github-copilot-cli @azure/core-auth@1.7.2 OK for: applicationinsights@2.9.8 want: 1.7.2
527 silly placeDep node_modules/@githubnext/github-copilot-cli @azure/core-rest-pipeline@1.16.3 OK for: applicationinsights@2.9.8 want: 1.16.3
528 silly placeDep node_modules/@githubnext/github-copilot-cli @azure/opentelemetry-instrumentation-azure-sdk@1.0.0 OK for: applicationinsights@2.9.8 want: ^1.0.0-beta.5
529 silly placeDep node_modules/@githubnext/github-copilot-cli @microsoft/applicationinsights-web-snippet@1.0.1 OK for: applicationinsights@2.9.8 want: 1.0.1
530 silly placeDep node_modules/@githubnext/github-copilot-cli @opentelemetry/api@1.9.1 OK for: applicationinsights@2.9.8 want: ^1.7.0
531 silly placeDep node_modules/@githubnext/github-copilot-cli @opentelemetry/core@1.30.1 OK for: applicationinsights@2.9.8 want: ^1.19.0
532 silly placeDep node_modules/@githubnext/github-copilot-cli @opentelemetry/sdk-trace-base@1.30.1 OK for: applicationinsights@2.9.8 want: ^1.19.0
533 silly placeDep node_modules/@githubnext/github-copilot-cli @opentelemetry/semantic-conventions@1.41.1 OK for: applicationinsights@2.9.8 want: ^1.19.0
534 silly placeDep node_modules/@githubnext/github-copilot-cli cls-hooked@4.2.2 OK for: applicationinsights@2.9.8 want: ^4.2.2
535 silly placeDep node_modules/@githubnext/github-copilot-cli continuation-local-storage@3.2.1 OK for: applicationinsights@2.9.8 want: ^3.2.1
536 silly placeDep node_modules/@githubnext/github-copilot-cli diagnostic-channel@1.1.1 OK for: applicationinsights@2.9.8 want: 1.1.1
537 silly placeDep node_modules/@githubnext/github-copilot-cli diagnostic-channel-publishers@1.0.8 OK for: applicationinsights@2.9.8 want: 1.0.8
538 silly fetch manifest tslib@^2.6.2
539 silly packumentCache full:https://registry.npmjs.org/tslib cache-miss
540 silly fetch manifest @azure/core-util@^1.1.0
541 silly packumentCache full:https://registry.npmjs.org/@azure%2fcore-util cache-miss
542 silly fetch manifest @azure/abort-controller@^2.0.0
543 silly packumentCache full:https://registry.npmjs.org/@azure%2fabort-controller cache-miss
544 silly fetch manifest tslib@^2.6.2
545 silly packumentCache full:https://registry.npmjs.org/tslib cache-miss
546 silly fetch manifest @azure/logger@^1.0.0
547 silly packumentCache full:https://registry.npmjs.org/@azure%2flogger cache-miss
548 silly fetch manifest @azure/core-util@^1.9.0
549 silly packumentCache full:https://registry.npmjs.org/@azure%2fcore-util cache-miss
550 silly fetch manifest http-proxy-agent@^7.0.0
551 silly packumentCache full:https://registry.npmjs.org/http-proxy-agent cache-miss
552 http fetch GET 200 https://registry.npmjs.org/tslib 125ms (cache updated)
553 silly packumentCache full:https://registry.npmjs.org/tslib set size:undefined disposed:false
554 silly fetch manifest https-proxy-agent@^7.0.0
555 silly packumentCache full:https://registry.npmjs.org/https-proxy-agent cache-miss
556 http cache https://registry.npmjs.org/https-proxy-agent 31ms (cache hit)
557 silly packumentCache full:https://registry.npmjs.org/https-proxy-agent set size:83792 disposed:false
558 silly fetch manifest @azure/core-tracing@^1.0.1
559 silly packumentCache full:https://registry.npmjs.org/@azure%2fcore-tracing cache-miss
560 http fetch GET 200 https://registry.npmjs.org/http-proxy-agent 167ms (cache miss)
561 silly packumentCache full:https://registry.npmjs.org/http-proxy-agent set size:undefined disposed:false
562 silly fetch manifest @azure/abort-controller@^2.0.0
563 silly packumentCache full:https://registry.npmjs.org/@azure%2fabort-controller cache-miss
564 http fetch GET 200 https://registry.npmjs.org/tslib 205ms (cache updated)
565 silly packumentCache full:https://registry.npmjs.org/tslib set size:undefined disposed:false
566 silly fetch manifest tslib@^2.7.0
567 silly packumentCache full:https://registry.npmjs.org/tslib cache-miss
568 http cache https://registry.npmjs.org/tslib 17ms (cache hit)
569 silly packumentCache full:https://registry.npmjs.org/tslib set size:108843 disposed:false
570 silly fetch manifest @azure/logger@^1.0.0
571 silly packumentCache full:https://registry.npmjs.org/@azure%2flogger cache-miss
572 http fetch GET 200 https://registry.npmjs.org/@azure%2fcore-util 301ms (cache miss)
573 silly packumentCache full:https://registry.npmjs.org/@azure%2fcore-util set size:undefined disposed:false
574 silly fetch manifest @opentelemetry/api@^1.9.0
575 silly packumentCache full:https://registry.npmjs.org/@opentelemetry%2fapi cache-miss
576 http cache https://registry.npmjs.org/@opentelemetry%2fapi 30ms (cache hit)
577 silly packumentCache full:https://registry.npmjs.org/@opentelemetry%2fapi set size:272967 disposed:false
578 silly fetch manifest @azure/core-tracing@^1.2.0
579 silly packumentCache full:https://registry.npmjs.org/@azure%2fcore-tracing cache-miss
580 http fetch GET 200 https://registry.npmjs.org/@azure%2fcore-util 427ms (cache miss)
581 silly packumentCache full:https://registry.npmjs.org/@azure%2fcore-util set size:undefined disposed:false
582 silly fetch manifest @opentelemetry/core@^2.0.0
583 silly packumentCache full:https://registry.npmjs.org/@opentelemetry%2fcore cache-miss
584 http cache https://registry.npmjs.org/@opentelemetry%2fcore 17ms (cache hit)
585 silly packumentCache full:https://registry.npmjs.org/@opentelemetry%2fcore set size:824585 disposed:false
586 silly fetch manifest @opentelemetry/sdk-trace-web@^2.0.0
587 silly packumentCache full:https://registry.npmjs.org/@opentelemetry%2fsdk-trace-web cache-miss
588 http fetch GET 200 https://registry.npmjs.org/@azure%2flogger 639ms (cache miss)
589 silly packumentCache full:https://registry.npmjs.org/@azure%2flogger set size:undefined disposed:false
590 silly fetch manifest @opentelemetry/instrumentation@^0.211.0
591 silly packumentCache full:https://registry.npmjs.org/@opentelemetry%2finstrumentation cache-miss
592 http fetch GET 200 https://registry.npmjs.org/@azure%2fabort-controller 685ms (cache miss)
593 silly packumentCache full:https://registry.npmjs.org/@azure%2fabort-controller set size:undefined disposed:false
594 silly fetch manifest @opentelemetry/semantic-conventions@1.28.0
595 silly packumentCache full:https://registry.npmjs.org/@opentelemetry%2fsemantic-conventions cache-miss
596 http fetch GET 200 https://registry.npmjs.org/@azure%2fcore-tracing 567ms (cache miss)
597 silly packumentCache full:https://registry.npmjs.org/@azure%2fcore-tracing set size:undefined disposed:false
598 silly fetch manifest @opentelemetry/resources@1.30.1
599 silly packumentCache full:https://registry.npmjs.org/@opentelemetry%2fresources cache-miss
600 http fetch GET 200 https://registry.npmjs.org/@azure%2fabort-controller 629ms (cache miss)
601 silly packumentCache full:https://registry.npmjs.org/@azure%2fabort-controller set size:undefined disposed:false
602 silly fetch manifest @opentelemetry/semantic-conventions@1.28.0
603 silly packumentCache full:https://registry.npmjs.org/@opentelemetry%2fsemantic-conventions cache-miss
604 http cache https://registry.npmjs.org/@opentelemetry%2fsemantic-conventions 142ms (cache hit)
605 silly packumentCache full:https://registry.npmjs.org/@opentelemetry%2fsemantic-conventions set size:421726 disposed:false
606 silly fetch manifest async-hook-jl@^1.7.6
607 silly packumentCache full:https://registry.npmjs.org/async-hook-jl cache-miss
608 http cache https://registry.npmjs.org/@opentelemetry%2fsemantic-conventions 41ms (cache hit)
609 silly packumentCache full:https://registry.npmjs.org/@opentelemetry%2fsemantic-conventions set size:421726 disposed:false
610 silly packumentCache full:https://registry.npmjs.org/@opentelemetry%2fsemantic-conventions dispose
611 silly fetch manifest emitter-listener@^1.0.1
612 silly packumentCache full:https://registry.npmjs.org/emitter-listener cache-miss
613 http fetch GET 200 https://registry.npmjs.org/@azure%2flogger 678ms (cache miss)
614 silly packumentCache full:https://registry.npmjs.org/@azure%2flogger set size:undefined disposed:false
615 silly fetch manifest async-listener@^0.6.0
616 silly packumentCache full:https://registry.npmjs.org/async-listener cache-miss
617 http fetch GET 200 https://registry.npmjs.org/@opentelemetry%2fsdk-trace-web 464ms (cache miss)
618 silly packumentCache full:https://registry.npmjs.org/@opentelemetry%2fsdk-trace-web set size:undefined disposed:false
619 silly fetch manifest emitter-listener@^1.1.1
620 silly packumentCache full:https://registry.npmjs.org/emitter-listener cache-miss
621 http fetch GET 200 https://registry.npmjs.org/async-hook-jl 101ms (cache miss)
622 silly packumentCache full:https://registry.npmjs.org/async-hook-jl set size:undefined disposed:false
623 silly fetch manifest semver@^7.5.3
624 silly packumentCache full:https://registry.npmjs.org/semver cache-hit
625 http fetch GET 200 https://registry.npmjs.org/emitter-listener 108ms (cache miss)
626 silly packumentCache full:https://registry.npmjs.org/emitter-listener set size:undefined disposed:false
627 http fetch GET 200 https://registry.npmjs.org/async-listener 67ms (cache miss)
628 silly packumentCache full:https://registry.npmjs.org/async-listener set size:undefined disposed:false
629 http fetch GET 200 https://registry.npmjs.org/@opentelemetry%2finstrumentation 343ms (cache miss)
630 silly packumentCache full:https://registry.npmjs.org/@opentelemetry%2finstrumentation set size:undefined disposed:false
631 http fetch GET 200 https://registry.npmjs.org/@opentelemetry%2fresources 261ms (cache miss)
632 silly packumentCache full:https://registry.npmjs.org/@opentelemetry%2fresources set size:undefined disposed:false
633 http fetch GET 200 https://registry.npmjs.org/@azure%2fcore-tracing 680ms (cache miss)
634 silly packumentCache full:https://registry.npmjs.org/@azure%2fcore-tracing set size:undefined disposed:false
635 http fetch GET 200 https://registry.npmjs.org/emitter-listener 142ms (cache miss)
636 silly packumentCache full:https://registry.npmjs.org/emitter-listener set size:undefined disposed:false
637 silly placeDep node_modules/@githubnext/github-copilot-cli @azure/abort-controller@2.1.2 OK for: @azure/core-auth@1.7.2 want: ^2.0.0
638 silly placeDep node_modules/@githubnext/github-copilot-cli @azure/core-util@1.13.1 OK for: @azure/core-auth@1.7.2 want: ^1.1.0
639 silly placeDep node_modules/@githubnext/github-copilot-cli tslib@2.8.1 OK for: @azure/core-auth@1.7.2 want: ^2.6.2
640 silly fetch manifest @typespec/ts-http-runtime@^0.3.0
641 silly packumentCache full:https://registry.npmjs.org/@typespec%2fts-http-runtime cache-miss
642 http fetch GET 200 https://registry.npmjs.org/@typespec%2fts-http-runtime 113ms (cache miss)
643 silly packumentCache full:https://registry.npmjs.org/@typespec%2fts-http-runtime set size:undefined disposed:false
644 silly placeDep node_modules/@githubnext/github-copilot-cli @azure/core-tracing@1.3.1 OK for: @azure/core-rest-pipeline@1.16.3 want: ^1.0.1
645 silly placeDep node_modules/@githubnext/github-copilot-cli @azure/logger@1.3.0 OK for: @azure/core-rest-pipeline@1.16.3 want: ^1.0.0
646 silly placeDep node_modules/@githubnext/github-copilot-cli http-proxy-agent@7.0.2 OK for: @azure/core-rest-pipeline@1.16.3 want: ^7.0.0
647 silly placeDep node_modules/@githubnext/github-copilot-cli https-proxy-agent@7.0.6 OK for: @azure/core-rest-pipeline@1.16.3 want: ^7.0.0
648 silly fetch manifest debug@^4.3.4
649 silly packumentCache full:https://registry.npmjs.org/debug cache-miss
650 silly fetch manifest agent-base@^7.1.0
651 silly packumentCache full:https://registry.npmjs.org/agent-base cache-miss
652 silly fetch manifest debug@4
653 silly packumentCache full:https://registry.npmjs.org/debug cache-miss
654 silly fetch manifest agent-base@^7.1.2
655 silly packumentCache full:https://registry.npmjs.org/agent-base cache-miss
656 http fetch GET 200 https://registry.npmjs.org/agent-base 71ms (cache miss)
657 silly packumentCache full:https://registry.npmjs.org/agent-base set size:undefined disposed:false
658 http fetch GET 200 https://registry.npmjs.org/debug 82ms (cache revalidated)
659 silly packumentCache full:https://registry.npmjs.org/debug set size:195840 disposed:false
660 http fetch GET 200 https://registry.npmjs.org/debug 95ms (cache revalidated)
661 silly packumentCache full:https://registry.npmjs.org/debug set size:195840 disposed:false
662 silly packumentCache full:https://registry.npmjs.org/debug dispose
663 http fetch GET 200 https://registry.npmjs.org/agent-base 113ms (cache miss)
664 silly packumentCache full:https://registry.npmjs.org/agent-base set size:undefined disposed:false
665 silly placeDep node_modules/@githubnext/github-copilot-cli @typespec/ts-http-runtime@0.3.6 OK for: @azure/core-util@1.13.1 want: ^0.3.0
666 silly placeDep node_modules/@githubnext/github-copilot-cli/node_modules/@azure/opentelemetry-instrumentation-azure-sdk @opentelemetry/core@2.8.0 OK for: @azure/opentelemetry-instrumentation-azure-sdk@1.0.0 want: ^2.0.0
667 silly placeDep node_modules/@githubnext/github-copilot-cli @opentelemetry/instrumentation@0.211.0 OK for: @azure/opentelemetry-instrumentation-azure-sdk@1.0.0 want: ^0.211.0
668 silly placeDep node_modules/@githubnext/github-copilot-cli @opentelemetry/sdk-trace-web@2.8.0 OK for: @azure/opentelemetry-instrumentation-azure-sdk@1.0.0 want: ^2.0.0
669 silly fetch manifest import-in-the-middle@^2.0.0
670 silly packumentCache full:https://registry.npmjs.org/import-in-the-middle cache-miss
671 silly fetch manifest require-in-the-middle@^8.0.0
672 silly packumentCache full:https://registry.npmjs.org/require-in-the-middle cache-miss
673 silly fetch manifest @opentelemetry/api-logs@0.211.0
674 silly packumentCache full:https://registry.npmjs.org/@opentelemetry%2fapi-logs cache-miss
675 silly fetch manifest @opentelemetry/core@2.8.0
676 silly packumentCache full:https://registry.npmjs.org/@opentelemetry%2fcore cache-hit
677 silly fetch manifest @opentelemetry/sdk-trace-base@2.8.0
678 silly packumentCache full:https://registry.npmjs.org/@opentelemetry%2fsdk-trace-base cache-miss
679 http cache https://registry.npmjs.org/@opentelemetry%2fsdk-trace-base 13ms (cache hit)
680 silly packumentCache full:https://registry.npmjs.org/@opentelemetry%2fsdk-trace-base set size:333129 disposed:false
681 http fetch GET 200 https://registry.npmjs.org/import-in-the-middle 66ms (cache miss)
682 silly packumentCache full:https://registry.npmjs.org/import-in-the-middle set size:undefined disposed:false
683 http fetch GET 200 https://registry.npmjs.org/@opentelemetry%2fapi-logs 86ms (cache miss)
684 silly packumentCache full:https://registry.npmjs.org/@opentelemetry%2fapi-logs set size:undefined disposed:false
685 http fetch GET 200 https://registry.npmjs.org/require-in-the-middle 119ms (cache miss)
686 silly packumentCache full:https://registry.npmjs.org/require-in-the-middle set size:undefined disposed:false
687 silly placeDep node_modules/@githubnext/github-copilot-cli/node_modules/@opentelemetry/core @opentelemetry/semantic-conventions@1.28.0 OK for: @opentelemetry/core@1.30.1 want: 1.28.0
688 silly placeDep node_modules/@githubnext/github-copilot-cli @opentelemetry/api-logs@0.211.0 OK for: @opentelemetry/instrumentation@0.211.0 want: 0.211.0
689 silly placeDep node_modules/@githubnext/github-copilot-cli import-in-the-middle@2.0.6 OK for: @opentelemetry/instrumentation@0.211.0 want: ^2.0.0
690 silly placeDep node_modules/@githubnext/github-copilot-cli require-in-the-middle@8.0.1 OK for: @opentelemetry/instrumentation@0.211.0 want: ^8.0.0
691 silly fetch manifest acorn@^8.15.0
692 silly packumentCache full:https://registry.npmjs.org/acorn cache-miss
693 silly fetch manifest cjs-module-lexer@^2.2.0
694 silly packumentCache full:https://registry.npmjs.org/cjs-module-lexer cache-miss
695 silly fetch manifest acorn-import-attributes@^1.9.5
696 silly packumentCache full:https://registry.npmjs.org/acorn-import-attributes cache-miss
697 silly fetch manifest module-details-from-path@^1.0.4
698 silly packumentCache full:https://registry.npmjs.org/module-details-from-path cache-miss
699 silly fetch manifest debug@^4.3.5
700 silly packumentCache full:https://registry.npmjs.org/debug cache-hit
701 silly fetch manifest module-details-from-path@^1.0.3
702 silly packumentCache full:https://registry.npmjs.org/module-details-from-path cache-miss
703 http fetch GET 200 https://registry.npmjs.org/module-details-from-path 71ms (cache miss)
704 silly packumentCache full:https://registry.npmjs.org/module-details-from-path set size:undefined disposed:false
705 http fetch GET 200 https://registry.npmjs.org/acorn-import-attributes 77ms (cache miss)
706 silly packumentCache full:https://registry.npmjs.org/acorn-import-attributes set size:undefined disposed:false
707 http fetch GET 200 https://registry.npmjs.org/cjs-module-lexer 84ms (cache miss)
708 silly packumentCache full:https://registry.npmjs.org/cjs-module-lexer set size:undefined disposed:false
709 http fetch GET 200 https://registry.npmjs.org/acorn 105ms (cache miss)
710 silly packumentCache full:https://registry.npmjs.org/acorn set size:undefined disposed:false
711 http fetch GET 200 https://registry.npmjs.org/module-details-from-path 120ms (cache miss)
712 silly packumentCache full:https://registry.npmjs.org/module-details-from-path set size:undefined disposed:false
713 silly fetch manifest @opentelemetry/api@>=1.0.0 <1.10.0
714 silly packumentCache full:https://registry.npmjs.org/@opentelemetry%2fapi cache-hit
715 silly placeDep node_modules/@githubnext/github-copilot-cli @opentelemetry/resources@1.30.1 OK for: @opentelemetry/sdk-trace-base@1.30.1 want: 1.30.1
716 silly placeDep node_modules/@githubnext/github-copilot-cli/node_modules/@opentelemetry/sdk-trace-base @opentelemetry/semantic-conventions@1.28.0 OK for: @opentelemetry/sdk-trace-base@1.30.1 want: 1.28.0
717 silly placeDep node_modules/@githubnext/github-copilot-cli/node_modules/@opentelemetry/resources @opentelemetry/semantic-conventions@1.28.0 OK for: @opentelemetry/resources@1.30.1 want: 1.28.0
718 silly placeDep node_modules/@githubnext/github-copilot-cli/node_modules/@opentelemetry/sdk-trace-web @opentelemetry/core@2.8.0 OK for: @opentelemetry/sdk-trace-web@2.8.0 want: 2.8.0
719 silly placeDep node_modules/@githubnext/github-copilot-cli/node_modules/@opentelemetry/sdk-trace-web @opentelemetry/sdk-trace-base@2.8.0 OK for: @opentelemetry/sdk-trace-web@2.8.0 want: 2.8.0
720 silly fetch manifest @opentelemetry/resources@2.8.0
721 silly packumentCache full:https://registry.npmjs.org/@opentelemetry%2fresources cache-miss
722 http cache https://registry.npmjs.org/@opentelemetry%2fresources 7ms (cache hit)
723 silly packumentCache full:https://registry.npmjs.org/@opentelemetry%2fresources set size:728172 disposed:false
724 silly placeDep node_modules/@githubnext/github-copilot-cli follow-redirects@1.16.0 OK for: axios@1.18.0 want: ^1.16.0
725 silly placeDep node_modules/@githubnext/github-copilot-cli form-data@4.0.6 OK for: axios@1.18.0 want: ^4.0.5
726 silly placeDep node_modules/@githubnext/github-copilot-cli/node_modules/axios https-proxy-agent@5.0.1 OK for: axios@1.18.0 want: ^5.0.1
727 silly placeDep node_modules/@githubnext/github-copilot-cli proxy-from-env@2.1.0 OK for: axios@1.18.0 want: ^2.1.0
728 silly fetch manifest hasown@^2.0.4
729 silly packumentCache full:https://registry.npmjs.org/hasown cache-miss
730 silly fetch manifest asynckit@^0.4.0
731 silly packumentCache full:https://registry.npmjs.org/asynckit cache-miss
732 silly fetch manifest mime-types@^2.1.35
733 silly packumentCache full:https://registry.npmjs.org/mime-types cache-miss
734 silly fetch manifest combined-stream@^1.0.8
735 silly packumentCache full:https://registry.npmjs.org/combined-stream cache-miss
736 silly fetch manifest es-set-tostringtag@^2.1.0
737 silly packumentCache full:https://registry.npmjs.org/es-set-tostringtag cache-miss
738 silly fetch manifest agent-base@6
739 silly packumentCache full:https://registry.npmjs.org/agent-base cache-miss
740 http cache https://registry.npmjs.org/agent-base 21ms (cache hit)
741 silly packumentCache full:https://registry.npmjs.org/agent-base set size:72085 disposed:false
742 http fetch GET 200 https://registry.npmjs.org/asynckit 71ms (cache miss)
743 silly packumentCache full:https://registry.npmjs.org/asynckit set size:undefined disposed:false
744 http fetch GET 200 https://registry.npmjs.org/combined-stream 76ms (cache miss)
745 silly packumentCache full:https://registry.npmjs.org/combined-stream set size:undefined disposed:false
746 http fetch GET 200 https://registry.npmjs.org/mime-types 81ms (cache revalidated)
747 silly packumentCache full:https://registry.npmjs.org/mime-types set size:139110 disposed:false
748 http fetch GET 200 https://registry.npmjs.org/es-set-tostringtag 88ms (cache miss)
749 silly packumentCache full:https://registry.npmjs.org/es-set-tostringtag set size:undefined disposed:false
750 http fetch GET 200 https://registry.npmjs.org/hasown 96ms (cache updated)
751 silly packumentCache full:https://registry.npmjs.org/hasown set size:undefined disposed:false
752 silly placeDep node_modules/@githubnext/github-copilot-cli/node_modules/cli-highlight chalk@4.1.2 OK for: cli-highlight@2.1.11 want: ^4.0.0
753 silly placeDep node_modules/@githubnext/github-copilot-cli highlight.js@10.7.3 OK for: cli-highlight@2.1.11 want: ^10.7.1
754 silly placeDep node_modules/@githubnext/github-copilot-cli mz@2.7.0 OK for: cli-highlight@2.1.11 want: ^2.4.0
755 silly placeDep node_modules/@githubnext/github-copilot-cli parse5@5.1.1 OK for: cli-highlight@2.1.11 want: ^5.1.1
756 silly placeDep node_modules/@githubnext/github-copilot-cli parse5-htmlparser2-tree-adapter@6.0.1 OK for: cli-highlight@2.1.11 want: ^6.0.0
757 silly placeDep node_modules/@githubnext/github-copilot-cli yargs@16.2.0 OK for: cli-highlight@2.1.11 want: ^16.0.0
758 silly fetch manifest ansi-styles@^4.1.0
759 silly packumentCache full:https://registry.npmjs.org/ansi-styles cache-miss
760 silly fetch manifest supports-color@^7.1.0
761 silly packumentCache full:https://registry.npmjs.org/supports-color cache-miss
762 silly fetch manifest any-promise@^1.0.0
763 silly packumentCache full:https://registry.npmjs.org/any-promise cache-miss
764 silly fetch manifest object-assign@^4.0.1
765 silly packumentCache full:https://registry.npmjs.org/object-assign cache-miss
766 silly fetch manifest thenify-all@^1.0.0
767 silly packumentCache full:https://registry.npmjs.org/thenify-all cache-miss
768 silly fetch manifest parse5@^6.0.1
769 silly packumentCache full:https://registry.npmjs.org/parse5 cache-miss
770 silly fetch manifest y18n@^5.0.5
771 silly packumentCache full:https://registry.npmjs.org/y18n cache-miss
772 http cache https://registry.npmjs.org/object-assign 33ms (cache hit)
773 silly packumentCache full:https://registry.npmjs.org/object-assign set size:28988 disposed:false
774 silly fetch manifest cliui@^7.0.2
775 silly packumentCache full:https://registry.npmjs.org/cliui cache-miss
776 http cache https://registry.npmjs.org/parse5 36ms (cache hit)
777 silly packumentCache full:https://registry.npmjs.org/parse5 set size:123116 disposed:false
778 silly fetch manifest escalade@^3.1.1
779 silly packumentCache full:https://registry.npmjs.org/escalade cache-miss
780 http fetch GET 200 https://registry.npmjs.org/any-promise 90ms (cache miss)
781 silly packumentCache full:https://registry.npmjs.org/any-promise set size:undefined disposed:false
782 silly fetch manifest string-width@^4.2.0
783 silly packumentCache full:https://registry.npmjs.org/string-width cache-hit
784 silly fetch manifest yargs-parser@^20.2.2
785 silly packumentCache full:https://registry.npmjs.org/yargs-parser cache-miss
786 http fetch GET 200 https://registry.npmjs.org/thenify-all 99ms (cache miss)
787 silly packumentCache full:https://registry.npmjs.org/thenify-all set size:undefined disposed:false
788 silly fetch manifest get-caller-file@^2.0.5
789 silly packumentCache full:https://registry.npmjs.org/get-caller-file cache-miss
790 http fetch GET 200 https://registry.npmjs.org/y18n 102ms (cache miss)
791 silly packumentCache full:https://registry.npmjs.org/y18n set size:undefined disposed:false
792 silly fetch manifest require-directory@^2.1.1
793 silly packumentCache full:https://registry.npmjs.org/require-directory cache-miss
794 http fetch GET 200 https://registry.npmjs.org/supports-color 122ms (cache miss)
795 silly packumentCache full:https://registry.npmjs.org/supports-color set size:undefined disposed:false
796 http fetch GET 200 https://registry.npmjs.org/ansi-styles 130ms (cache miss)
797 silly packumentCache full:https://registry.npmjs.org/ansi-styles set size:undefined disposed:false
798 http fetch GET 200 https://registry.npmjs.org/cliui 94ms (cache miss)
799 silly packumentCache full:https://registry.npmjs.org/cliui set size:undefined disposed:false
800 http fetch GET 200 https://registry.npmjs.org/escalade 92ms (cache miss)
801 silly packumentCache full:https://registry.npmjs.org/escalade set size:undefined disposed:false
802 http fetch GET 200 https://registry.npmjs.org/yargs-parser 68ms (cache miss)
803 silly packumentCache full:https://registry.npmjs.org/yargs-parser set size:undefined disposed:false
804 http fetch GET 200 https://registry.npmjs.org/get-caller-file 68ms (cache miss)
805 silly packumentCache full:https://registry.npmjs.org/get-caller-file set size:undefined disposed:false
806 http fetch GET 200 https://registry.npmjs.org/require-directory 66ms (cache miss)
807 silly packumentCache full:https://registry.npmjs.org/require-directory set size:undefined disposed:false
808 silly placeDep node_modules/@githubnext/github-copilot-cli async-hook-jl@1.7.6 OK for: cls-hooked@4.2.2 want: ^1.7.6
809 silly placeDep node_modules/@githubnext/github-copilot-cli emitter-listener@1.1.2 OK for: cls-hooked@4.2.2 want: ^1.0.1
810 silly fetch manifest stack-chain@^1.3.7
811 silly packumentCache full:https://registry.npmjs.org/stack-chain cache-miss
812 silly fetch manifest shimmer@^1.2.0
813 silly packumentCache full:https://registry.npmjs.org/shimmer cache-miss
814 http fetch GET 200 https://registry.npmjs.org/stack-chain 108ms (cache miss)
815 silly packumentCache full:https://registry.npmjs.org/stack-chain set size:undefined disposed:false
816 http fetch GET 200 https://registry.npmjs.org/shimmer 122ms (cache miss)
817 silly packumentCache full:https://registry.npmjs.org/shimmer set size:undefined disposed:false
818 silly placeDep node_modules/@githubnext/github-copilot-cli stack-chain@1.3.7 OK for: async-hook-jl@1.7.6 want: ^1.3.7
819 silly placeDep node_modules/@githubnext/github-copilot-cli async-listener@0.6.10 OK for: continuation-local-storage@3.2.1 want: ^0.6.0
820 silly fetch manifest shimmer@^1.1.0
821 silly packumentCache full:https://registry.npmjs.org/shimmer cache-miss
822 http cache https://registry.npmjs.org/shimmer 4ms (cache hit)
823 silly packumentCache full:https://registry.npmjs.org/shimmer set size:22336 disposed:false
824 silly placeDep node_modules/@githubnext/github-copilot-cli shimmer@1.2.1 OK for: async-listener@0.6.10 want: ^1.1.0
825 silly placeDep node_modules/@githubnext/github-copilot-cli/node_modules/diagnostic-channel semver@7.8.4 OK for: diagnostic-channel@1.1.1 want: ^7.5.3
826 silly placeDep node_modules/@githubnext/github-copilot-cli asynckit@0.4.0 OK for: form-data@4.0.6 want: ^0.4.0
827 silly placeDep node_modules/@githubnext/github-copilot-cli combined-stream@1.0.8 OK for: form-data@4.0.6 want: ^1.0.8
828 silly placeDep node_modules/@githubnext/github-copilot-cli es-set-tostringtag@2.1.0 OK for: form-data@4.0.6 want: ^2.1.0
829 silly placeDep node_modules/@githubnext/github-copilot-cli hasown@2.0.4 OK for: form-data@4.0.6 want: ^2.0.4
830 silly placeDep node_modules/@githubnext/github-copilot-cli mime-types@2.1.35 OK for: form-data@4.0.6 want: ^2.1.35
831 silly fetch manifest delayed-stream@~1.0.0
832 silly packumentCache full:https://registry.npmjs.org/delayed-stream cache-miss
833 silly fetch manifest es-errors@^1.3.0
834 silly packumentCache full:https://registry.npmjs.org/es-errors cache-miss
835 silly fetch manifest get-intrinsic@^1.2.6
836 silly packumentCache full:https://registry.npmjs.org/get-intrinsic cache-miss
837 silly fetch manifest has-tostringtag@^1.0.2
838 silly packumentCache full:https://registry.npmjs.org/has-tostringtag cache-miss
839 silly fetch manifest hasown@^2.0.2
840 silly packumentCache full:https://registry.npmjs.org/hasown cache-miss
841 silly fetch manifest function-bind@^1.1.2
842 silly packumentCache full:https://registry.npmjs.org/function-bind cache-miss
843 silly fetch manifest mime-db@1.52.0
844 silly packumentCache full:https://registry.npmjs.org/mime-db cache-miss
845 http cache https://registry.npmjs.org/hasown 33ms (cache hit)
846 silly packumentCache full:https://registry.npmjs.org/hasown set size:18361 disposed:false
847 http fetch GET 200 https://registry.npmjs.org/delayed-stream 70ms (cache miss)
848 silly packumentCache full:https://registry.npmjs.org/delayed-stream set size:undefined disposed:false
849 http fetch GET 200 https://registry.npmjs.org/has-tostringtag 73ms (cache miss)
850 silly packumentCache full:https://registry.npmjs.org/has-tostringtag set size:undefined disposed:false
851 http fetch GET 200 https://registry.npmjs.org/function-bind 74ms (cache revalidated)
852 silly packumentCache full:https://registry.npmjs.org/function-bind set size:15733 disposed:false
853 http fetch GET 200 https://registry.npmjs.org/get-intrinsic 80ms (cache revalidated)
854 silly packumentCache full:https://registry.npmjs.org/get-intrinsic set size:60985 disposed:false
855 http fetch GET 200 https://registry.npmjs.org/mime-db 85ms (cache revalidated)
856 silly packumentCache full:https://registry.npmjs.org/mime-db set size:164953 disposed:false
857 http fetch GET 200 https://registry.npmjs.org/es-errors 98ms (cache revalidated)
858 silly packumentCache full:https://registry.npmjs.org/es-errors set size:16918 disposed:false
859 silly placeDep node_modules/@githubnext/github-copilot-cli delayed-stream@1.0.0 OK for: combined-stream@1.0.8 want: ~1.0.0
860 silly placeDep node_modules/@githubnext/github-copilot-cli es-errors@1.3.0 OK for: es-set-tostringtag@2.1.0 want: ^1.3.0
861 silly placeDep node_modules/@githubnext/github-copilot-cli get-intrinsic@1.3.0 OK for: es-set-tostringtag@2.1.0 want: ^1.2.6
862 silly placeDep node_modules/@githubnext/github-copilot-cli has-tostringtag@1.0.2 OK for: es-set-tostringtag@2.1.0 want: ^1.0.2
863 silly fetch manifest gopd@^1.2.0
864 silly packumentCache full:https://registry.npmjs.org/gopd cache-miss
865 silly fetch manifest get-proto@^1.0.1
866 silly packumentCache full:https://registry.npmjs.org/get-proto cache-miss
867 silly fetch manifest has-symbols@^1.1.0
868 silly packumentCache full:https://registry.npmjs.org/has-symbols cache-miss
869 silly fetch manifest es-object-atoms@^1.1.1
870 silly packumentCache full:https://registry.npmjs.org/es-object-atoms cache-miss
871 silly fetch manifest math-intrinsics@^1.1.0
872 silly packumentCache full:https://registry.npmjs.org/math-intrinsics cache-miss
873 silly fetch manifest es-define-property@^1.0.1
874 silly packumentCache full:https://registry.npmjs.org/es-define-property cache-miss
875 silly fetch manifest call-bind-apply-helpers@^1.0.2
876 silly packumentCache full:https://registry.npmjs.org/call-bind-apply-helpers cache-miss
877 http fetch GET 200 https://registry.npmjs.org/get-proto 104ms (cache revalidated)
878 silly packumentCache full:https://registry.npmjs.org/get-proto set size:8300 disposed:false
879 silly fetch manifest has-symbols@^1.0.3
880 silly packumentCache full:https://registry.npmjs.org/has-symbols cache-miss
881 http fetch GET 200 https://registry.npmjs.org/gopd 551ms (cache revalidated)
882 silly packumentCache full:https://registry.npmjs.org/gopd set size:11458 disposed:false
883 http fetch GET 200 https://registry.npmjs.org/has-symbols 552ms (cache revalidated)
884 silly packumentCache full:https://registry.npmjs.org/has-symbols set size:21550 disposed:false
885 http fetch GET 200 https://registry.npmjs.org/call-bind-apply-helpers 550ms (cache revalidated)
886 silly packumentCache full:https://registry.npmjs.org/call-bind-apply-helpers set size:12744 disposed:false
887 http fetch GET 200 https://registry.npmjs.org/es-define-property 557ms (cache revalidated)
888 silly packumentCache full:https://registry.npmjs.org/es-define-property set size:8542 disposed:false
889 http fetch GET 200 https://registry.npmjs.org/math-intrinsics 564ms (cache revalidated)
890 silly packumentCache full:https://registry.npmjs.org/math-intrinsics set size:9265 disposed:false
891 http fetch GET 200 https://registry.npmjs.org/es-object-atoms 568ms (cache updated)
892 silly packumentCache full:https://registry.npmjs.org/es-object-atoms set size:undefined disposed:false
893 http cache https://registry.npmjs.org/has-symbols 248ms (cache hit)
894 silly packumentCache full:https://registry.npmjs.org/has-symbols set size:21550 disposed:false
895 silly packumentCache full:https://registry.npmjs.org/has-symbols dispose
896 silly placeDep node_modules/@githubnext/github-copilot-cli call-bind-apply-helpers@1.0.2 OK for: get-intrinsic@1.3.0 want: ^1.0.2
897 silly placeDep node_modules/@githubnext/github-copilot-cli es-define-property@1.0.1 OK for: get-intrinsic@1.3.0 want: ^1.0.1
898 silly placeDep node_modules/@githubnext/github-copilot-cli es-object-atoms@1.1.2 OK for: get-intrinsic@1.3.0 want: ^1.1.1
899 silly placeDep node_modules/@githubnext/github-copilot-cli function-bind@1.1.2 OK for: get-intrinsic@1.3.0 want: ^1.1.2
900 silly placeDep node_modules/@githubnext/github-copilot-cli get-proto@1.0.1 OK for: get-intrinsic@1.3.0 want: ^1.0.1
901 silly placeDep node_modules/@githubnext/github-copilot-cli gopd@1.2.0 OK for: get-intrinsic@1.3.0 want: ^1.2.0
902 silly placeDep node_modules/@githubnext/github-copilot-cli has-symbols@1.1.0 OK for: get-intrinsic@1.3.0 want: ^1.1.0
903 silly placeDep node_modules/@githubnext/github-copilot-cli math-intrinsics@1.1.0 OK for: get-intrinsic@1.3.0 want: ^1.1.0
904 silly fetch manifest dunder-proto@^1.0.1
905 silly packumentCache full:https://registry.npmjs.org/dunder-proto cache-miss
906 http fetch GET 200 https://registry.npmjs.org/dunder-proto 47ms (cache revalidated)
907 silly packumentCache full:https://registry.npmjs.org/dunder-proto set size:8256 disposed:false
908 silly placeDep node_modules/@githubnext/github-copilot-cli dunder-proto@1.0.1 OK for: get-proto@1.0.1 want: ^1.0.1
909 silly placeDep node_modules/@githubnext/github-copilot-cli agent-base@7.1.4 OK for: http-proxy-agent@7.0.2 want: ^7.1.0
910 silly placeDep node_modules/@githubnext/github-copilot-cli debug@4.4.3 OK for: http-proxy-agent@7.0.2 want: ^4.3.4
911 silly fetch manifest ms@^2.1.3
912 silly packumentCache full:https://registry.npmjs.org/ms cache-miss
913 http fetch GET 200 https://registry.npmjs.org/ms 115ms (cache revalidated)
914 silly packumentCache full:https://registry.npmjs.org/ms set size:92208 disposed:false
915 silly placeDep node_modules/@githubnext/github-copilot-cli ms@2.1.3 OK for: debug@4.4.3 want: ^2.1.3
916 silly placeDep node_modules/@githubnext/github-copilot-cli acorn@8.17.0 OK for: import-in-the-middle@2.0.6 want: ^8.15.0
917 silly placeDep node_modules/@githubnext/github-copilot-cli acorn-import-attributes@1.9.5 OK for: import-in-the-middle@2.0.6 want: ^1.9.5
918 silly placeDep node_modules/@githubnext/github-copilot-cli cjs-module-lexer@2.2.0 OK for: import-in-the-middle@2.0.6 want: ^2.2.0
919 silly placeDep node_modules/@githubnext/github-copilot-cli module-details-from-path@1.0.4 OK for: import-in-the-middle@2.0.6 want: ^1.0.4
920 silly fetch manifest bufferutil@^4.0.1
921 silly packumentCache full:https://registry.npmjs.org/bufferutil cache-miss
922 http fetch GET 200 https://registry.npmjs.org/bufferutil 58ms (cache miss)
923 silly packumentCache full:https://registry.npmjs.org/bufferutil set size:undefined disposed:false
924 silly fetch manifest utf-8-validate@^5.0.2
925 silly packumentCache full:https://registry.npmjs.org/utf-8-validate cache-miss
926 http fetch GET 200 https://registry.npmjs.org/utf-8-validate 70ms (cache miss)
927 silly packumentCache full:https://registry.npmjs.org/utf-8-validate set size:undefined disposed:false
928 silly fetch manifest react@>=16.8.0
929 silly packumentCache full:https://registry.npmjs.org/react cache-miss
930 http cache https://registry.npmjs.org/react 38ms (cache hit)
931 silly packumentCache full:https://registry.npmjs.org/react set size:6715585 disposed:false
932 silly fetch manifest react@^17.0.2
933 silly packumentCache full:https://registry.npmjs.org/react cache-miss
934 http cache https://registry.npmjs.org/react 67ms (cache hit)
935 silly packumentCache full:https://registry.npmjs.org/react set size:6715585 disposed:false
936 silly placeDep node_modules/@githubnext/github-copilot-cli ansi-escapes@4.3.2 OK for: ink@3.2.0 want: ^4.2.1
937 silly placeDep node_modules/@githubnext/github-copilot-cli auto-bind@4.0.0 OK for: ink@3.2.0 want: 4.0.0
938 silly placeDep node_modules/@githubnext/github-copilot-cli/node_modules/ink chalk@4.1.2 OK for: ink@3.2.0 want: ^4.1.0
939 silly placeDep node_modules/@githubnext/github-copilot-cli cli-boxes@2.2.1 OK for: ink@3.2.0 want: ^2.2.0
940 silly placeDep node_modules/@githubnext/github-copilot-cli cli-cursor@3.1.0 OK for: ink@3.2.0 want: ^3.1.0
941 silly placeDep node_modules/@githubnext/github-copilot-cli cli-truncate@2.1.0 OK for: ink@3.2.0 want: ^2.1.0
942 silly placeDep node_modules/@githubnext/github-copilot-cli code-excerpt@3.0.0 OK for: ink@3.2.0 want: ^3.0.0
943 silly placeDep node_modules/@githubnext/github-copilot-cli indent-string@4.0.0 OK for: ink@3.2.0 want: ^4.0.0
944 silly placeDep node_modules/@githubnext/github-copilot-cli is-ci@2.0.0 OK for: ink@3.2.0 want: ^2.0.0
945 silly placeDep node_modules/@githubnext/github-copilot-cli lodash@4.18.1 OK for: ink@3.2.0 want: ^4.17.20
946 silly placeDep node_modules/@githubnext/github-copilot-cli patch-console@1.0.0 OK for: ink@3.2.0 want: ^1.0.0
947 silly placeDep node_modules/@githubnext/github-copilot-cli react-reconciler@0.26.2 OK for: ink@3.2.0 want: ^0.26.2
948 silly placeDep node_modules/@githubnext/github-copilot-cli scheduler@0.20.2 OK for: ink@3.2.0 want: ^0.20.2
949 silly placeDep node_modules/@githubnext/github-copilot-cli signal-exit@3.0.7 OK for: ink@3.2.0 want: ^3.0.2
950 silly placeDep node_modules/@githubnext/github-copilot-cli slice-ansi@3.0.0 OK for: ink@3.2.0 want: ^3.0.0
951 silly placeDep node_modules/@githubnext/github-copilot-cli stack-utils@2.0.6 OK for: ink@3.2.0 want: ^2.0.2
952 silly placeDep node_modules/@githubnext/github-copilot-cli string-width@4.2.3 OK for: ink@3.2.0 want: ^4.2.2
953 silly placeDep node_modules/@githubnext/github-copilot-cli type-fest@0.12.0 OK for: ink@3.2.0 want: ^0.12.0
954 silly placeDep node_modules/@githubnext/github-copilot-cli widest-line@3.1.0 OK for: ink@3.2.0 want: ^3.1.0
955 silly placeDep node_modules/@githubnext/github-copilot-cli wrap-ansi@6.2.0 OK for: ink@3.2.0 want: ^6.2.0
956 silly placeDep node_modules/@githubnext/github-copilot-cli ws@7.5.11 OK for: ink@3.2.0 want: ^7.5.5
957 silly placeDep node_modules/@githubnext/github-copilot-cli yoga-layout-prebuilt@1.10.0 OK for: ink@3.2.0 want: ^1.9.6
958 silly fetch manifest type-fest@^0.21.3
959 silly packumentCache full:https://registry.npmjs.org/type-fest cache-hit
960 silly fetch manifest restore-cursor@^3.1.0
961 silly packumentCache full:https://registry.npmjs.org/restore-cursor cache-miss
962 silly fetch manifest convert-to-spaces@^1.0.1
963 silly packumentCache full:https://registry.npmjs.org/convert-to-spaces cache-miss
964 silly fetch manifest ci-info@^2.0.0
965 silly packumentCache full:https://registry.npmjs.org/ci-info cache-miss
966 silly fetch manifest ansi-styles@^4.0.0
967 silly packumentCache full:https://registry.npmjs.org/ansi-styles cache-miss
968 silly fetch manifest astral-regex@^2.0.0
969 silly packumentCache full:https://registry.npmjs.org/astral-regex cache-miss
970 silly fetch manifest is-fullwidth-code-point@^3.0.0
971 silly packumentCache full:https://registry.npmjs.org/is-fullwidth-code-point cache-miss
972 silly fetch manifest escape-string-regexp@^2.0.0
973 silly packumentCache full:https://registry.npmjs.org/escape-string-regexp cache-miss
974 http cache https://registry.npmjs.org/ansi-styles 25ms (cache hit)
975 silly packumentCache full:https://registry.npmjs.org/ansi-styles set size:63233 disposed:false
976 silly fetch manifest emoji-regex@^8.0.0
977 silly packumentCache full:https://registry.npmjs.org/emoji-regex cache-miss
978 http fetch GET 200 https://registry.npmjs.org/astral-regex 112ms (cache miss)
979 silly packumentCache full:https://registry.npmjs.org/astral-regex set size:undefined disposed:false
980 silly fetch manifest is-fullwidth-code-point@^3.0.0
981 silly packumentCache full:https://registry.npmjs.org/is-fullwidth-code-point cache-miss
982 http fetch GET 200 https://registry.npmjs.org/escape-string-regexp 119ms (cache miss)
983 silly packumentCache full:https://registry.npmjs.org/escape-string-regexp set size:undefined disposed:false
984 silly fetch manifest strip-ansi@^6.0.0
985 silly packumentCache full:https://registry.npmjs.org/strip-ansi cache-hit
986 silly fetch manifest @types/yoga-layout@1.9.2
987 silly packumentCache full:https://registry.npmjs.org/@types%2fyoga-layout cache-miss
988 http fetch GET 200 https://registry.npmjs.org/is-fullwidth-code-point 127ms (cache miss)
989 silly packumentCache full:https://registry.npmjs.org/is-fullwidth-code-point set size:undefined disposed:false
990 http fetch GET 200 https://registry.npmjs.org/restore-cursor 145ms (cache miss)
991 silly packumentCache full:https://registry.npmjs.org/restore-cursor set size:undefined disposed:false
992 http fetch GET 200 https://registry.npmjs.org/emoji-regex 109ms (cache miss)
993 silly packumentCache full:https://registry.npmjs.org/emoji-regex set size:undefined disposed:false
994 http fetch GET 200 https://registry.npmjs.org/ci-info 148ms (cache miss)
995 silly packumentCache full:https://registry.npmjs.org/ci-info set size:undefined disposed:false
996 http fetch GET 200 https://registry.npmjs.org/convert-to-spaces 178ms (cache miss)
997 silly packumentCache full:https://registry.npmjs.org/convert-to-spaces set size:undefined disposed:false
998 http fetch GET 200 https://registry.npmjs.org/is-fullwidth-code-point 69ms (cache miss)
999 silly packumentCache full:https://registry.npmjs.org/is-fullwidth-code-point set size:undefined disposed:false
1000 http fetch GET 200 https://registry.npmjs.org/@types%2fyoga-layout 138ms (cache miss)
1001 silly packumentCache full:https://registry.npmjs.org/@types%2fyoga-layout set size:undefined disposed:false
1002 silly placeDep node_modules/@githubnext/github-copilot-cli/node_modules/ansi-escapes type-fest@0.21.3 OK for: ansi-escapes@4.3.2 want: ^0.21.3
1003 silly placeDep node_modules/@githubnext/github-copilot-cli restore-cursor@3.1.0 OK for: cli-cursor@3.1.0 want: ^3.1.0
1004 silly fetch manifest onetime@^5.1.0
1005 silly packumentCache full:https://registry.npmjs.org/onetime cache-miss
1006 http fetch GET 200 https://registry.npmjs.org/onetime 52ms (cache miss)
1007 silly packumentCache full:https://registry.npmjs.org/onetime set size:undefined disposed:false
1008 silly placeDep node_modules/@githubnext/github-copilot-cli convert-to-spaces@1.0.2 OK for: code-excerpt@3.0.0 want: ^1.0.1
1009 silly placeDep node_modules/@githubnext/github-copilot-cli prop-types@15.8.1 OK for: ink-divider@3.0.0 want: ^15.7.2
1010 silly fetch manifest loose-envify@^1.4.0
1011 silly packumentCache full:https://registry.npmjs.org/loose-envify cache-miss
1012 silly fetch manifest react-is@^16.13.1
1013 silly packumentCache full:https://registry.npmjs.org/react-is cache-miss
1014 http cache https://registry.npmjs.org/loose-envify 34ms (cache hit)
1015 silly packumentCache full:https://registry.npmjs.org/loose-envify set size:12559 disposed:false
1016 http fetch GET 200 https://registry.npmjs.org/react-is 258ms (cache miss)
1017 silly packumentCache full:https://registry.npmjs.org/react-is set size:undefined disposed:false
1018 silly placeDep node_modules/@githubnext/github-copilot-cli arr-rotate@1.0.0 OK for: ink-select-input@4.2.2 want: ^1.0.0
1019 silly placeDep node_modules/@githubnext/github-copilot-cli figures@3.2.0 OK for: ink-select-input@4.2.2 want: ^3.2.0
1020 silly placeDep node_modules/@githubnext/github-copilot-cli lodash.isequal@4.5.0 OK for: ink-select-input@4.2.2 want: ^4.5.0
1021 silly fetch manifest escape-string-regexp@^1.0.5
1022 silly packumentCache full:https://registry.npmjs.org/escape-string-regexp cache-miss
1023 http cache https://registry.npmjs.org/escape-string-regexp 26ms (cache hit)
1024 silly packumentCache full:https://registry.npmjs.org/escape-string-regexp set size:22244 disposed:false
1025 silly placeDep node_modules/@githubnext/github-copilot-cli escape-string-regexp@1.0.5 OK for: figures@3.2.0 want: ^1.0.5
1026 silly placeDep node_modules/@githubnext/github-copilot-cli cli-spinners@2.9.2 OK for: ink-spinner@4.0.3 want: ^2.3.0
1027 silly placeDep node_modules/@githubnext/github-copilot-cli/node_modules/ink-text-input chalk@4.1.2 OK for: ink-text-input@4.0.3 want: ^4.1.0
1028 silly placeDep node_modules/@githubnext/github-copilot-cli/node_modules/ink-text-input type-fest@0.15.1 OK for: ink-text-input@4.0.3 want: ^0.15.1
1029 silly fetch manifest @types/node@>=18
1030 silly packumentCache full:https://registry.npmjs.org/@types%2fnode cache-miss
1031 http fetch GET 200 https://registry.npmjs.org/@types%2fnode 342ms (cache miss)
1032 silly packumentCache full:https://registry.npmjs.org/@types%2fnode set size:undefined disposed:false
1033 silly placeDep node_modules/@githubnext/github-copilot-cli @inquirer/external-editor@1.0.3 OK for: inquirer@9.3.8 want: ^1.0.2
1034 silly placeDep node_modules/@githubnext/github-copilot-cli @inquirer/figures@1.0.15 OK for: inquirer@9.3.8 want: ^1.0.3
1035 silly placeDep node_modules/@githubnext/github-copilot-cli cli-width@4.1.0 OK for: inquirer@9.3.8 want: ^4.1.0
1036 silly placeDep node_modules/@githubnext/github-copilot-cli mute-stream@1.0.0 OK for: inquirer@9.3.8 want: 1.0.0
1037 silly placeDep node_modules/@githubnext/github-copilot-cli/node_modules/inquirer ora@5.4.1 OK for: inquirer@9.3.8 want: ^5.4.1
1038 silly placeDep node_modules/@githubnext/github-copilot-cli run-async@3.0.0 OK for: inquirer@9.3.8 want: ^3.0.0
1039 silly placeDep node_modules/@githubnext/github-copilot-cli rxjs@7.8.2 OK for: inquirer@9.3.8 want: ^7.8.1
1040 silly placeDep node_modules/@githubnext/github-copilot-cli strip-ansi@6.0.1 OK for: inquirer@9.3.8 want: ^6.0.1
1041 silly placeDep node_modules/@githubnext/github-copilot-cli yoctocolors-cjs@2.1.3 OK for: inquirer@9.3.8 want: ^2.1.2
1042 silly fetch manifest chardet@^2.1.1
1043 silly packumentCache full:https://registry.npmjs.org/chardet cache-miss
1044 silly fetch manifest iconv-lite@^0.7.0
1045 silly packumentCache full:https://registry.npmjs.org/iconv-lite cache-miss
1046 silly fetch manifest bl@^4.1.0
1047 silly packumentCache full:https://registry.npmjs.org/bl cache-miss
1048 silly fetch manifest log-symbols@^4.1.0
1049 silly packumentCache full:https://registry.npmjs.org/log-symbols cache-miss
1050 silly fetch manifest is-interactive@^1.0.0
1051 silly packumentCache full:https://registry.npmjs.org/is-interactive cache-miss
1052 silly fetch manifest is-unicode-supported@^0.1.0
1053 silly packumentCache full:https://registry.npmjs.org/is-unicode-supported cache-miss
1054 silly fetch manifest ansi-regex@^5.0.1
1055 silly packumentCache full:https://registry.npmjs.org/ansi-regex cache-miss
1056 http cache https://registry.npmjs.org/log-symbols 32ms (cache hit)
1057 silly packumentCache full:https://registry.npmjs.org/log-symbols set size:31977 disposed:false
1058 http cache https://registry.npmjs.org/is-unicode-supported 32ms (cache hit)
1059 silly packumentCache full:https://registry.npmjs.org/is-unicode-supported set size:19461 disposed:false
1060 http cache https://registry.npmjs.org/is-interactive 36ms (cache hit)
1061 silly packumentCache full:https://registry.npmjs.org/is-interactive set size:10692 disposed:false
1062 http fetch GET 200 https://registry.npmjs.org/ansi-regex 80ms (cache miss)
1063 silly packumentCache full:https://registry.npmjs.org/ansi-regex set size:undefined disposed:false
1064 http fetch GET 200 https://registry.npmjs.org/iconv-lite 95ms (cache revalidated)
1065 silly packumentCache full:https://registry.npmjs.org/iconv-lite set size:120557 disposed:false
1066 http fetch GET 200 https://registry.npmjs.org/bl 103ms (cache miss)
1067 silly packumentCache full:https://registry.npmjs.org/bl set size:undefined disposed:false
1068 http fetch GET 200 https://registry.npmjs.org/chardet 131ms (cache miss)
1069 silly packumentCache full:https://registry.npmjs.org/chardet set size:undefined disposed:false
1070 silly placeDep node_modules/@githubnext/github-copilot-cli chardet@2.1.1 OK for: @inquirer/external-editor@1.0.3 want: ^2.1.1
1071 silly placeDep node_modules/@githubnext/github-copilot-cli iconv-lite@0.7.2 OK for: @inquirer/external-editor@1.0.3 want: ^0.7.0
1072 silly fetch manifest safer-buffer@>= 2.1.2 < 3.0.0
1073 silly packumentCache full:https://registry.npmjs.org/safer-buffer cache-miss
1074 http fetch GET 200 https://registry.npmjs.org/safer-buffer 66ms (cache revalidated)
1075 silly packumentCache full:https://registry.npmjs.org/safer-buffer set size:18521 disposed:false
1076 silly placeDep node_modules/@githubnext/github-copilot-cli safer-buffer@2.1.2 OK for: iconv-lite@0.7.2 want: >= 2.1.2 < 3.0.0
1077 silly placeDep node_modules/@githubnext/github-copilot-cli ci-info@2.0.0 OK for: is-ci@2.0.0 want: ^2.0.0
1078 silly placeDep node_modules/@githubnext/github-copilot-cli/node_modules/marked-terminal ansi-escapes@6.2.1 OK for: marked-terminal@5.2.0 want: ^6.2.0
1079 silly placeDep node_modules/@githubnext/github-copilot-cli cardinal@2.1.1 OK for: marked-terminal@5.2.0 want: ^2.1.1
1080 silly placeDep node_modules/@githubnext/github-copilot-cli cli-table3@0.6.5 OK for: marked-terminal@5.2.0 want: ^0.6.3
1081 silly placeDep node_modules/@githubnext/github-copilot-cli node-emoji@1.11.0 OK for: marked-terminal@5.2.0 want: ^1.11.0
1082 silly placeDep node_modules/@githubnext/github-copilot-cli supports-hyperlinks@2.3.0 OK for: marked-terminal@5.2.0 want: ^2.3.0
1083 silly fetch manifest ansicolors@~0.3.2
1084 silly packumentCache full:https://registry.npmjs.org/ansicolors cache-miss
1085 silly fetch manifest redeyed@~2.1.0
1086 silly packumentCache full:https://registry.npmjs.org/redeyed cache-miss
1087 silly fetch manifest @colors/colors@1.5.0
1088 silly packumentCache full:https://registry.npmjs.org/@colors%2fcolors cache-miss
1089 silly fetch manifest has-flag@^4.0.0
1090 silly packumentCache full:https://registry.npmjs.org/has-flag cache-miss
1091 silly fetch manifest supports-color@^7.0.0
1092 silly packumentCache full:https://registry.npmjs.org/supports-color cache-miss
1093 http cache https://registry.npmjs.org/supports-color 17ms (cache hit)
1094 silly packumentCache full:https://registry.npmjs.org/supports-color set size:118680 disposed:false
1095 http fetch GET 200 https://registry.npmjs.org/redeyed 63ms (cache miss)
1096 silly packumentCache full:https://registry.npmjs.org/redeyed set size:undefined disposed:false
1097 http fetch GET 200 https://registry.npmjs.org/has-flag 68ms (cache miss)
1098 silly packumentCache full:https://registry.npmjs.org/has-flag set size:undefined disposed:false
1099 http fetch GET 200 https://registry.npmjs.org/@colors%2fcolors 72ms (cache miss)
1100 silly packumentCache full:https://registry.npmjs.org/@colors%2fcolors set size:undefined disposed:false
1101 http fetch GET 200 https://registry.npmjs.org/ansicolors 120ms (cache miss)
1102 silly packumentCache full:https://registry.npmjs.org/ansicolors set size:undefined disposed:false
1103 silly placeDep node_modules/@githubnext/github-copilot-cli ansicolors@0.3.2 OK for: cardinal@2.1.1 want: ~0.3.2
1104 silly placeDep node_modules/@githubnext/github-copilot-cli redeyed@2.1.1 OK for: cardinal@2.1.1 want: ~2.1.0
1105 silly fetch manifest esprima@~4.0.0
1106 silly packumentCache full:https://registry.npmjs.org/esprima cache-miss
1107 http fetch GET 200 https://registry.npmjs.org/esprima 57ms (cache miss)
1108 silly packumentCache full:https://registry.npmjs.org/esprima set size:undefined disposed:false
1109 silly placeDep node_modules/@githubnext/github-copilot-cli @colors/colors@1.5.0 OK for: cli-table3@0.6.5 want: 1.5.0
1110 silly placeDep node_modules/@githubnext/github-copilot-cli mime-db@1.52.0 OK for: mime-types@2.1.35 want: 1.52.0
1111 silly placeDep node_modules/@githubnext/github-copilot-cli any-promise@1.3.0 OK for: mz@2.7.0 want: ^1.0.0
1112 silly placeDep node_modules/@githubnext/github-copilot-cli object-assign@4.1.1 OK for: mz@2.7.0 want: ^4.0.1
1113 silly placeDep node_modules/@githubnext/github-copilot-cli thenify-all@1.6.0 OK for: mz@2.7.0 want: ^1.0.0
1114 silly fetch manifest thenify@>= 3.1.0 < 4
1115 silly packumentCache full:https://registry.npmjs.org/thenify cache-miss
1116 http fetch GET 200 https://registry.npmjs.org/thenify 113ms (cache miss)
1117 silly packumentCache full:https://registry.npmjs.org/thenify set size:undefined disposed:false
1118 silly placeDep node_modules/@githubnext/github-copilot-cli/node_modules/ora cli-cursor@4.0.0 OK for: ora@6.3.1 want: ^4.0.0
1119 silly placeDep node_modules/@githubnext/github-copilot-cli is-interactive@2.0.0 OK for: ora@6.3.1 want: ^2.0.0
1120 silly placeDep node_modules/@githubnext/github-copilot-cli is-unicode-supported@1.3.0 OK for: ora@6.3.1 want: ^1.1.0
1121 silly placeDep node_modules/@githubnext/github-copilot-cli log-symbols@5.1.0 OK for: ora@6.3.1 want: ^5.1.0
1122 silly placeDep node_modules/@githubnext/github-copilot-cli stdin-discarder@0.1.0 OK for: ora@6.3.1 want: ^0.1.0
1123 silly placeDep node_modules/@githubnext/github-copilot-cli/node_modules/ora strip-ansi@7.2.0 OK for: ora@6.3.1 want: ^7.0.1
1124 silly placeDep node_modules/@githubnext/github-copilot-cli wcwidth@1.0.1 OK for: ora@6.3.1 want: ^1.0.1
1125 silly fetch manifest restore-cursor@^4.0.0
1126 silly packumentCache full:https://registry.npmjs.org/restore-cursor cache-miss
1127 silly fetch manifest bl@^5.0.0
1128 silly packumentCache full:https://registry.npmjs.org/bl cache-miss
1129 silly fetch manifest ansi-regex@^6.2.2
1130 silly packumentCache full:https://registry.npmjs.org/ansi-regex cache-miss
1131 silly fetch manifest defaults@^1.0.3
1132 silly packumentCache full:https://registry.npmjs.org/defaults cache-miss
1133 http cache https://registry.npmjs.org/restore-cursor 16ms (cache hit)
1134 silly packumentCache full:https://registry.npmjs.org/restore-cursor set size:17895 disposed:false
1135 http cache https://registry.npmjs.org/bl 18ms (cache hit)
1136 silly packumentCache full:https://registry.npmjs.org/bl set size:203035 disposed:false
1137 http cache https://registry.npmjs.org/ansi-regex 24ms (cache hit)
1138 silly packumentCache full:https://registry.npmjs.org/ansi-regex set size:43572 disposed:false
1139 http fetch GET 200 https://registry.npmjs.org/defaults 71ms (cache miss)
1140 silly packumentCache full:https://registry.npmjs.org/defaults set size:undefined disposed:false
1141 silly placeDep node_modules/@githubnext/github-copilot-cli/node_modules/parse5-htmlparser2-tree-adapter parse5@6.0.1 OK for: parse5-htmlparser2-tree-adapter@6.0.1 want: ^6.0.1
1142 silly placeDep node_modules/@githubnext/github-copilot-cli loose-envify@1.4.0 OK for: prop-types@15.8.1 want: ^1.4.0
1143 silly placeDep node_modules/@githubnext/github-copilot-cli react-is@16.13.1 OK for: prop-types@15.8.1 want: ^16.13.1
1144 silly fetch manifest js-tokens@^3.0.0 || ^4.0.0
1145 silly packumentCache full:https://registry.npmjs.org/js-tokens cache-miss
1146 http fetch GET 200 https://registry.npmjs.org/js-tokens 56ms (cache miss)
1147 silly packumentCache full:https://registry.npmjs.org/js-tokens set size:undefined disposed:false
1148 silly placeDep node_modules/@githubnext/github-copilot-cli js-tokens@4.0.0 OK for: loose-envify@1.4.0 want: ^3.0.0 || ^4.0.0
1149 silly placeDep node_modules/@githubnext/github-copilot-cli shell-quote@1.8.4 OK for: react-devtools-core@4.28.5 want: ^1.6.1
1150 silly placeDep node_modules/@githubnext/github-copilot-cli @babel/runtime@7.29.7 OK for: react-query@3.39.3 want: ^7.5.5
1151 silly placeDep node_modules/@githubnext/github-copilot-cli broadcast-channel@3.7.0 OK for: react-query@3.39.3 want: ^3.4.1
1152 silly placeDep node_modules/@githubnext/github-copilot-cli match-sorter@6.3.4 OK for: react-query@3.39.3 want: ^6.0.2
1153 silly fetch manifest rimraf@3.0.2
1154 silly packumentCache full:https://registry.npmjs.org/rimraf cache-miss
1155 silly fetch manifest unload@2.2.0
1156 silly packumentCache full:https://registry.npmjs.org/unload cache-miss
1157 silly fetch manifest js-sha3@0.8.0
1158 silly packumentCache full:https://registry.npmjs.org/js-sha3 cache-miss
1159 silly fetch manifest nano-time@1.0.0
1160 silly packumentCache full:https://registry.npmjs.org/nano-time cache-miss
1161 silly fetch manifest detect-node@^2.1.0
1162 silly packumentCache full:https://registry.npmjs.org/detect-node cache-miss
1163 silly fetch manifest microseconds@0.2.0
1164 silly packumentCache full:https://registry.npmjs.org/microseconds cache-miss
1165 silly fetch manifest oblivious-set@1.0.0
1166 silly packumentCache full:https://registry.npmjs.org/oblivious-set cache-miss
1167 http fetch GET 200 https://registry.npmjs.org/microseconds 81ms (cache miss)
1168 silly packumentCache full:https://registry.npmjs.org/microseconds set size:undefined disposed:false
1169 silly fetch manifest remove-accents@0.5.0
1170 silly packumentCache full:https://registry.npmjs.org/remove-accents cache-miss
1171 http fetch GET 200 https://registry.npmjs.org/oblivious-set 84ms (cache miss)
1172 silly packumentCache full:https://registry.npmjs.org/oblivious-set set size:undefined disposed:false
1173 http fetch GET 200 https://registry.npmjs.org/js-sha3 97ms (cache miss)
1174 silly packumentCache full:https://registry.npmjs.org/js-sha3 set size:undefined disposed:false
1175 http fetch GET 200 https://registry.npmjs.org/nano-time 100ms (cache miss)
1176 silly packumentCache full:https://registry.npmjs.org/nano-time set size:undefined disposed:false
1177 http fetch GET 200 https://registry.npmjs.org/rimraf 105ms (cache miss)
1178 silly packumentCache full:https://registry.npmjs.org/rimraf set size:undefined disposed:false
1179 http fetch GET 200 https://registry.npmjs.org/detect-node 121ms (cache miss)
1180 silly packumentCache full:https://registry.npmjs.org/detect-node set size:undefined disposed:false
1181 http fetch GET 200 https://registry.npmjs.org/unload 132ms (cache miss)
1182 silly packumentCache full:https://registry.npmjs.org/unload set size:undefined disposed:false
1183 http fetch GET 200 https://registry.npmjs.org/remove-accents 51ms (cache miss)
1184 silly packumentCache full:https://registry.npmjs.org/remove-accents set size:undefined disposed:false
1185 silly placeDep node_modules/@githubnext/github-copilot-cli detect-node@2.1.0 OK for: broadcast-channel@3.7.0 want: ^2.1.0
1186 silly placeDep node_modules/@githubnext/github-copilot-cli js-sha3@0.8.0 OK for: broadcast-channel@3.7.0 want: 0.8.0
1187 silly placeDep node_modules/@githubnext/github-copilot-cli microseconds@0.2.0 OK for: broadcast-channel@3.7.0 want: 0.2.0
1188 silly placeDep node_modules/@githubnext/github-copilot-cli nano-time@1.0.0 OK for: broadcast-channel@3.7.0 want: 1.0.0
1189 silly placeDep node_modules/@githubnext/github-copilot-cli oblivious-set@1.0.0 OK for: broadcast-channel@3.7.0 want: 1.0.0
1190 silly placeDep node_modules/@githubnext/github-copilot-cli rimraf@3.0.2 OK for: broadcast-channel@3.7.0 want: 3.0.2
1191 silly placeDep node_modules/@githubnext/github-copilot-cli unload@2.2.0 OK for: broadcast-channel@3.7.0 want: 2.2.0
1192 silly fetch manifest big-integer@^1.6.16
1193 silly packumentCache full:https://registry.npmjs.org/big-integer cache-miss
1194 silly fetch manifest glob@^7.1.3
1195 silly packumentCache full:https://registry.npmjs.org/glob cache-miss
1196 http fetch GET 200 https://registry.npmjs.org/glob 79ms (cache miss)
1197 silly packumentCache full:https://registry.npmjs.org/glob set size:undefined disposed:false
1198 http fetch GET 200 https://registry.npmjs.org/big-integer 99ms (cache miss)
1199 silly packumentCache full:https://registry.npmjs.org/big-integer set size:undefined disposed:false
1200 silly placeDep node_modules/@githubnext/github-copilot-cli remove-accents@0.5.0 OK for: match-sorter@6.3.4 want: 0.5.0
1201 silly placeDep node_modules/@githubnext/github-copilot-cli big-integer@1.6.52 OK for: nano-time@1.0.0 want: ^1.6.16
1202 silly placeDep node_modules/@githubnext/github-copilot-cli esprima@4.0.1 OK for: redeyed@2.1.1 want: ~4.0.0
1203 silly placeDep node_modules/@githubnext/github-copilot-cli onetime@5.1.2 OK for: restore-cursor@3.1.0 want: ^5.1.0
1204 silly fetch manifest mimic-fn@^2.1.0
1205 silly packumentCache full:https://registry.npmjs.org/mimic-fn cache-miss
1206 http fetch GET 200 https://registry.npmjs.org/mimic-fn 44ms (cache miss)
1207 silly packumentCache full:https://registry.npmjs.org/mimic-fn set size:undefined disposed:false
1208 silly placeDep node_modules/@githubnext/github-copilot-cli mimic-fn@2.1.0 OK for: onetime@5.1.2 want: ^2.1.0
1209 silly placeDep node_modules/@githubnext/github-copilot-cli glob@7.2.3 OK for: rimraf@3.0.2 want: ^7.1.3
1210 silly fetch manifest once@^1.3.0
1211 silly packumentCache full:https://registry.npmjs.org/once cache-miss
1212 silly fetch manifest inflight@^1.0.4
1213 silly packumentCache full:https://registry.npmjs.org/inflight cache-miss
1214 silly fetch manifest inherits@2
1215 silly packumentCache full:https://registry.npmjs.org/inherits cache-miss
1216 silly fetch manifest minimatch@^3.1.1
1217 silly packumentCache full:https://registry.npmjs.org/minimatch cache-miss
1218 silly fetch manifest fs.realpath@^1.0.0
1219 silly packumentCache full:https://registry.npmjs.org/fs.realpath cache-miss
1220 silly fetch manifest path-is-absolute@^1.0.0
1221 silly packumentCache full:https://registry.npmjs.org/path-is-absolute cache-miss
1222 http fetch GET 200 https://registry.npmjs.org/inflight 57ms (cache miss)
1223 silly packumentCache full:https://registry.npmjs.org/inflight set size:undefined disposed:false
1224 http fetch GET 200 https://registry.npmjs.org/path-is-absolute 56ms (cache miss)
1225 silly packumentCache full:https://registry.npmjs.org/path-is-absolute set size:undefined disposed:false
1226 http fetch GET 200 https://registry.npmjs.org/once 79ms (cache revalidated)
1227 silly packumentCache full:https://registry.npmjs.org/once set size:11752 disposed:false
1228 http fetch GET 200 https://registry.npmjs.org/inherits 80ms (cache revalidated)
1229 silly packumentCache full:https://registry.npmjs.org/inherits set size:12925 disposed:false
1230 http fetch GET 200 https://registry.npmjs.org/minimatch 83ms (cache miss)
1231 silly packumentCache full:https://registry.npmjs.org/minimatch set size:undefined disposed:false
1232 http fetch GET 200 https://registry.npmjs.org/fs.realpath 112ms (cache miss)
1233 silly packumentCache full:https://registry.npmjs.org/fs.realpath set size:undefined disposed:false
1234 silly placeDep node_modules/@githubnext/github-copilot-cli fs.realpath@1.0.0 OK for: glob@7.2.3 want: ^1.0.0
1235 silly placeDep node_modules/@githubnext/github-copilot-cli inflight@1.0.6 OK for: glob@7.2.3 want: ^1.0.4
1236 silly placeDep node_modules/@githubnext/github-copilot-cli inherits@2.0.4 OK for: glob@7.2.3 want: 2
1237 silly placeDep node_modules/@githubnext/github-copilot-cli minimatch@3.1.5 OK for: glob@7.2.3 want: ^3.1.1
1238 silly placeDep node_modules/@githubnext/github-copilot-cli once@1.4.0 OK for: glob@7.2.3 want: ^1.3.0
1239 silly placeDep node_modules/@githubnext/github-copilot-cli path-is-absolute@1.0.1 OK for: glob@7.2.3 want: ^1.0.0
1240 silly fetch manifest wrappy@1
1241 silly packumentCache full:https://registry.npmjs.org/wrappy cache-miss
1242 silly fetch manifest brace-expansion@^1.1.7
1243 silly packumentCache full:https://registry.npmjs.org/brace-expansion cache-miss
1244 silly fetch manifest wrappy@1
1245 silly packumentCache full:https://registry.npmjs.org/wrappy cache-miss
1246 http fetch GET 200 https://registry.npmjs.org/wrappy 62ms (cache revalidated)
1247 silly packumentCache full:https://registry.npmjs.org/wrappy set size:7682 disposed:false
1248 http fetch GET 200 https://registry.npmjs.org/wrappy 61ms (cache revalidated)
1249 silly packumentCache full:https://registry.npmjs.org/wrappy set size:7682 disposed:false
1250 silly packumentCache full:https://registry.npmjs.org/wrappy dispose
1251 http fetch GET 200 https://registry.npmjs.org/brace-expansion 66ms (cache miss)
1252 silly packumentCache full:https://registry.npmjs.org/brace-expansion set size:undefined disposed:false
1253 silly placeDep node_modules/@githubnext/github-copilot-cli wrappy@1.0.2 OK for: inflight@1.0.6 want: 1
1254 silly placeDep node_modules/@githubnext/github-copilot-cli brace-expansion@1.1.15 OK for: minimatch@3.1.5 want: ^1.1.7
1255 silly fetch manifest balanced-match@^1.0.0
1256 silly packumentCache full:https://registry.npmjs.org/balanced-match cache-miss
1257 silly fetch manifest concat-map@0.0.1
1258 silly packumentCache full:https://registry.npmjs.org/concat-map cache-miss
1259 http fetch GET 200 https://registry.npmjs.org/concat-map 50ms (cache miss)
1260 silly packumentCache full:https://registry.npmjs.org/concat-map set size:undefined disposed:false
1261 http fetch GET 200 https://registry.npmjs.org/balanced-match 108ms (cache miss)
1262 silly packumentCache full:https://registry.npmjs.org/balanced-match set size:undefined disposed:false
1263 silly placeDep node_modules/@githubnext/github-copilot-cli balanced-match@1.0.2 OK for: brace-expansion@1.1.15 want: ^1.0.0
1264 silly placeDep node_modules/@githubnext/github-copilot-cli concat-map@0.0.1 OK for: brace-expansion@1.1.15 want: 0.0.1
1265 silly placeDep node_modules/@githubnext/github-copilot-cli/node_modules/simple-update-notifier semver@7.0.0 OK for: simple-update-notifier@1.1.0 want: ~7.0.0
1266 silly placeDep node_modules/@githubnext/github-copilot-cli ansi-styles@4.3.0 OK for: slice-ansi@3.0.0 want: ^4.0.0
1267 silly placeDep node_modules/@githubnext/github-copilot-cli astral-regex@2.0.0 OK for: slice-ansi@3.0.0 want: ^2.0.0
1268 silly placeDep node_modules/@githubnext/github-copilot-cli is-fullwidth-code-point@3.0.0 OK for: slice-ansi@3.0.0 want: ^3.0.0
1269 silly fetch manifest color-convert@^2.0.1
1270 silly packumentCache full:https://registry.npmjs.org/color-convert cache-miss
1271 http fetch GET 200 https://registry.npmjs.org/color-convert 49ms (cache miss)
1272 silly packumentCache full:https://registry.npmjs.org/color-convert set size:undefined disposed:false
1273 silly placeDep node_modules/@githubnext/github-copilot-cli color-convert@2.0.1 OK for: ansi-styles@4.3.0 want: ^2.0.1
1274 silly fetch manifest color-name@~1.1.4
1275 silly packumentCache full:https://registry.npmjs.org/color-name cache-miss
1276 http fetch GET 200 https://registry.npmjs.org/color-name 60ms (cache miss)
1277 silly packumentCache full:https://registry.npmjs.org/color-name set size:undefined disposed:false
1278 silly placeDep node_modules/@githubnext/github-copilot-cli color-name@1.1.4 OK for: color-convert@2.0.1 want: ~1.1.4
1279 silly placeDep node_modules/@githubnext/github-copilot-cli/node_modules/stack-utils escape-string-regexp@2.0.0 OK for: stack-utils@2.0.6 want: ^2.0.0
1280 silly placeDep node_modules/@githubnext/github-copilot-cli bl@5.1.0 OK for: stdin-discarder@0.1.0 want: ^5.0.0
1281 silly fetch manifest buffer@^6.0.3
1282 silly packumentCache full:https://registry.npmjs.org/buffer cache-miss
1283 silly fetch manifest readable-stream@^3.4.0
1284 silly packumentCache full:https://registry.npmjs.org/readable-stream cache-miss
1285 http fetch GET 200 https://registry.npmjs.org/readable-stream 68ms (cache miss)
1286 silly packumentCache full:https://registry.npmjs.org/readable-stream set size:undefined disposed:false
1287 http fetch GET 200 https://registry.npmjs.org/buffer 91ms (cache miss)
1288 silly packumentCache full:https://registry.npmjs.org/buffer set size:undefined disposed:false
1289 silly placeDep node_modules/@githubnext/github-copilot-cli buffer@6.0.3 OK for: bl@5.1.0 want: ^6.0.3
1290 silly placeDep node_modules/@githubnext/github-copilot-cli readable-stream@3.6.2 OK for: bl@5.1.0 want: ^3.4.0
1291 silly fetch manifest base64-js@^1.3.1
1292 silly packumentCache full:https://registry.npmjs.org/base64-js cache-miss
1293 silly fetch manifest ieee754@^1.2.1
1294 silly packumentCache full:https://registry.npmjs.org/ieee754 cache-miss
1295 silly fetch manifest string_decoder@^1.1.1
1296 silly packumentCache full:https://registry.npmjs.org/string_decoder cache-miss
1297 silly fetch manifest util-deprecate@^1.0.1
1298 silly packumentCache full:https://registry.npmjs.org/util-deprecate cache-miss
1299 http fetch GET 200 https://registry.npmjs.org/base64-js 61ms (cache miss)
1300 silly packumentCache full:https://registry.npmjs.org/base64-js set size:undefined disposed:false
1301 http fetch GET 200 https://registry.npmjs.org/util-deprecate 66ms (cache miss)
1302 silly packumentCache full:https://registry.npmjs.org/util-deprecate set size:undefined disposed:false
1303 http fetch GET 200 https://registry.npmjs.org/ieee754 70ms (cache miss)
1304 silly packumentCache full:https://registry.npmjs.org/ieee754 set size:undefined disposed:false
1305 http fetch GET 200 https://registry.npmjs.org/string_decoder 75ms (cache miss)
1306 silly packumentCache full:https://registry.npmjs.org/string_decoder set size:undefined disposed:false
1307 silly placeDep node_modules/@githubnext/github-copilot-cli base64-js@1.5.1 OK for: buffer@6.0.3 want: ^1.3.1
1308 silly placeDep node_modules/@githubnext/github-copilot-cli ieee754@1.2.1 OK for: buffer@6.0.3 want: ^1.2.1
1309 silly placeDep node_modules/@githubnext/github-copilot-cli string_decoder@1.3.0 OK for: readable-stream@3.6.2 want: ^1.1.1
1310 silly placeDep node_modules/@githubnext/github-copilot-cli util-deprecate@1.0.2 OK for: readable-stream@3.6.2 want: ^1.0.1
1311 silly fetch manifest safe-buffer@~5.2.0
1312 silly packumentCache full:https://registry.npmjs.org/safe-buffer cache-miss
1313 http fetch GET 200 https://registry.npmjs.org/safe-buffer 64ms (cache miss)
1314 silly packumentCache full:https://registry.npmjs.org/safe-buffer set size:undefined disposed:false
1315 silly placeDep node_modules/@githubnext/github-copilot-cli safe-buffer@5.2.1 OK for: string_decoder@1.3.0 want: ~5.2.0
1316 silly placeDep node_modules/@githubnext/github-copilot-cli emoji-regex@8.0.0 OK for: string-width@4.2.3 want: ^8.0.0
1317 silly placeDep node_modules/@githubnext/github-copilot-cli ansi-regex@5.0.1 OK for: strip-ansi@6.0.1 want: ^5.0.1
1318 silly placeDep node_modules/@githubnext/github-copilot-cli has-flag@4.0.0 OK for: supports-hyperlinks@2.3.0 want: ^4.0.0
1319 silly placeDep node_modules/@githubnext/github-copilot-cli supports-color@7.2.0 OK for: supports-hyperlinks@2.3.0 want: ^7.0.0
1320 silly placeDep node_modules/@githubnext/github-copilot-cli thenify@3.3.1 OK for: thenify-all@1.6.0 want: >= 3.1.0 < 4
1321 silly placeDep node_modules/@githubnext/github-copilot-cli psl@1.15.0 OK for: tough-cookie@4.1.4 want: ^1.1.33
1322 silly placeDep node_modules/@githubnext/github-copilot-cli punycode@2.3.1 OK for: tough-cookie@4.1.4 want: ^2.1.1
1323 silly placeDep node_modules/@githubnext/github-copilot-cli universalify@0.2.0 OK for: tough-cookie@4.1.4 want: ^0.2.0
1324 silly placeDep node_modules/@githubnext/github-copilot-cli url-parse@1.5.10 OK for: tough-cookie@4.1.4 want: ^1.5.3
1325 silly fetch manifest punycode@^2.3.1
1326 silly packumentCache full:https://registry.npmjs.org/punycode cache-miss
1327 silly fetch manifest querystringify@^2.1.1
1328 silly packumentCache full:https://registry.npmjs.org/querystringify cache-miss
1329 silly fetch manifest requires-port@^1.0.0
1330 silly packumentCache full:https://registry.npmjs.org/requires-port cache-miss
1331 http cache https://registry.npmjs.org/punycode 23ms (cache hit)
1332 silly packumentCache full:https://registry.npmjs.org/punycode set size:61278 disposed:false
1333 http fetch GET 200 https://registry.npmjs.org/requires-port 63ms (cache miss)
1334 silly packumentCache full:https://registry.npmjs.org/requires-port set size:undefined disposed:false
1335 http fetch GET 200 https://registry.npmjs.org/querystringify 67ms (cache miss)
1336 silly packumentCache full:https://registry.npmjs.org/querystringify set size:undefined disposed:false
1337 silly placeDep node_modules/@githubnext/github-copilot-cli querystringify@2.2.0 OK for: url-parse@1.5.10 want: ^2.1.1
1338 silly placeDep node_modules/@githubnext/github-copilot-cli requires-port@1.0.0 OK for: url-parse@1.5.10 want: ^1.0.0
1339 silly placeDep node_modules/@githubnext/github-copilot-cli defaults@1.0.4 OK for: wcwidth@1.0.1 want: ^1.0.3
1340 silly fetch manifest clone@^1.0.2
1341 silly packumentCache full:https://registry.npmjs.org/clone cache-miss
1342 http fetch GET 200 https://registry.npmjs.org/clone 56ms (cache miss)
1343 silly packumentCache full:https://registry.npmjs.org/clone set size:undefined disposed:false
1344 silly placeDep node_modules/@githubnext/github-copilot-cli clone@1.0.4 OK for: defaults@1.0.4 want: ^1.0.2
1345 silly placeDep node_modules/@githubnext/github-copilot-cli cliui@7.0.4 OK for: yargs@16.2.0 want: ^7.0.2
1346 silly placeDep node_modules/@githubnext/github-copilot-cli escalade@3.2.0 OK for: yargs@16.2.0 want: ^3.1.1
1347 silly placeDep node_modules/@githubnext/github-copilot-cli get-caller-file@2.0.5 OK for: yargs@16.2.0 want: ^2.0.5
1348 silly placeDep node_modules/@githubnext/github-copilot-cli require-directory@2.1.1 OK for: yargs@16.2.0 want: ^2.1.1
1349 silly placeDep node_modules/@githubnext/github-copilot-cli y18n@5.0.8 OK for: yargs@16.2.0 want: ^5.0.5
1350 silly placeDep node_modules/@githubnext/github-copilot-cli yargs-parser@20.2.9 OK for: yargs@16.2.0 want: ^20.2.2
1351 silly fetch manifest wrap-ansi@^7.0.0
1352 silly packumentCache full:https://registry.npmjs.org/wrap-ansi cache-miss
1353 http cache https://registry.npmjs.org/wrap-ansi 4ms (cache hit)
1354 silly packumentCache full:https://registry.npmjs.org/wrap-ansi set size:55299 disposed:false
1355 silly placeDep node_modules/@githubnext/github-copilot-cli/node_modules/cliui wrap-ansi@7.0.0 OK for: cliui@7.0.4 want: ^7.0.0
1356 silly placeDep node_modules/@githubnext/github-copilot-cli @types/yoga-layout@1.9.2 OK for: yoga-layout-prebuilt@1.10.0 want: 1.9.2
1357 silly fetch manifest react@>=16.8
1358 silly packumentCache full:https://registry.npmjs.org/react cache-miss
1359 http cache https://registry.npmjs.org/react 26ms (cache hit)
1360 silly packumentCache full:https://registry.npmjs.org/react set size:6715585 disposed:false
1361 silly placeDep node_modules/@githubnext/github-copilot-cli use-sync-external-store@1.6.0 OK for: zustand@4.5.7 want: ^1.2.2
1362 silly fetch manifest @opentelemetry/api@>=1.3.0 <1.10.0
1363 silly packumentCache full:https://registry.npmjs.org/@opentelemetry%2fapi cache-hit
1364 silly placeDep node_modules/@githubnext/github-copilot-cli/node_modules/@opentelemetry/sdk-trace-web @opentelemetry/resources@2.8.0 OK for: @opentelemetry/sdk-trace-base@2.8.0 want: 2.8.0
1365 silly placeDep node_modules/@githubnext/github-copilot-cli/node_modules/axios agent-base@6.0.2 OK for: https-proxy-agent@5.0.1 want: 6
1366 silly placeDep node_modules/@githubnext/github-copilot-cli/node_modules/inquirer bl@4.1.0 OK for: ora@5.4.1 want: ^4.1.0
1367 silly placeDep node_modules/@githubnext/github-copilot-cli/node_modules/inquirer chalk@4.1.2 OK for: ora@5.4.1 want: ^4.1.0
1368 silly placeDep node_modules/@githubnext/github-copilot-cli/node_modules/inquirer is-interactive@1.0.0 OK for: ora@5.4.1 want: ^1.0.0
1369 silly placeDep node_modules/@githubnext/github-copilot-cli/node_modules/inquirer is-unicode-supported@0.1.0 OK for: ora@5.4.1 want: ^0.1.0
1370 silly placeDep node_modules/@githubnext/github-copilot-cli/node_modules/inquirer log-symbols@4.1.0 OK for: ora@5.4.1 want: ^4.1.0
1371 silly fetch manifest buffer@^5.5.0
1372 silly packumentCache full:https://registry.npmjs.org/buffer cache-miss
1373 http cache https://registry.npmjs.org/buffer 41ms (cache hit)
1374 silly packumentCache full:https://registry.npmjs.org/buffer set size:280480 disposed:false
1375 silly placeDep node_modules/@githubnext/github-copilot-cli/node_modules/inquirer buffer@5.7.1 OK for: bl@4.1.0 want: ^5.5.0
1376 silly placeDep node_modules/@githubnext/github-copilot-cli/node_modules/ora restore-cursor@4.0.0 OK for: cli-cursor@4.0.0 want: ^4.0.0
1377 silly placeDep node_modules/@githubnext/github-copilot-cli/node_modules/ora ansi-regex@6.2.2 OK for: strip-ansi@7.2.0 want: ^6.2.2
1378 silly reify moves {}
1379 http cache use-sync-external-store@https://registry.npmjs.org/use-sync-external-store/-/use-sync-external-store-1.6.0.tgz 0ms (cache hit)
1380 http cache @types/yoga-layout@https://registry.npmjs.org/@types/yoga-layout/-/yoga-layout-1.9.2.tgz 0ms (cache hit)
1381 http cache y18n@https://registry.npmjs.org/y18n/-/y18n-5.0.8.tgz 0ms (cache hit)
1382 http cache yargs-parser@https://registry.npmjs.org/yargs-parser/-/yargs-parser-20.2.9.tgz 0ms (cache hit)
1383 http cache get-caller-file@https://registry.npmjs.org/get-caller-file/-/get-caller-file-2.0.5.tgz 0ms (cache hit)
1384 http cache require-directory@https://registry.npmjs.org/require-directory/-/require-directory-2.1.1.tgz 1ms (cache hit)
1385 http cache escalade@https://registry.npmjs.org/escalade/-/escalade-3.2.0.tgz 0ms (cache hit)
1386 http cache cliui@https://registry.npmjs.org/cliui/-/cliui-7.0.4.tgz 0ms (cache hit)
1387 http cache wrap-ansi@https://registry.npmjs.org/wrap-ansi/-/wrap-ansi-7.0.0.tgz 0ms (cache hit)
1388 http cache clone@https://registry.npmjs.org/clone/-/clone-1.0.4.tgz 0ms (cache hit)
1389 http cache requires-port@https://registry.npmjs.org/requires-port/-/requires-port-1.0.0.tgz 0ms (cache hit)
1390 http cache querystringify@https://registry.npmjs.org/querystringify/-/querystringify-2.2.0.tgz 0ms (cache hit)
1391 http cache defaults@https://registry.npmjs.org/defaults/-/defaults-1.0.4.tgz 0ms (cache hit)
1392 http cache url-parse@https://registry.npmjs.org/url-parse/-/url-parse-1.5.10.tgz 0ms (cache hit)
1393 http cache universalify@https://registry.npmjs.org/universalify/-/universalify-0.2.0.tgz 0ms (cache hit)
1394 http cache punycode@https://registry.npmjs.org/punycode/-/punycode-2.3.1.tgz 0ms (cache hit)
1395 http cache psl@https://registry.npmjs.org/psl/-/psl-1.15.0.tgz 0ms (cache hit)
1396 http cache thenify@https://registry.npmjs.org/thenify/-/thenify-3.3.1.tgz 0ms (cache hit)
1397 http cache supports-color@https://registry.npmjs.org/supports-color/-/supports-color-7.2.0.tgz 0ms (cache hit)
1398 http cache has-flag@https://registry.npmjs.org/has-flag/-/has-flag-4.0.0.tgz 0ms (cache hit)
1399 http cache ansi-regex@https://registry.npmjs.org/ansi-regex/-/ansi-regex-5.0.1.tgz 1ms (cache hit)
1400 http cache emoji-regex@https://registry.npmjs.org/emoji-regex/-/emoji-regex-8.0.0.tgz 0ms (cache hit)
1401 http cache safe-buffer@https://registry.npmjs.org/safe-buffer/-/safe-buffer-5.2.1.tgz 0ms (cache hit)
1402 http cache util-deprecate@https://registry.npmjs.org/util-deprecate/-/util-deprecate-1.0.2.tgz 0ms (cache hit)
1403 http cache string_decoder@https://registry.npmjs.org/string_decoder/-/string_decoder-1.3.0.tgz 0ms (cache hit)
1404 http cache ieee754@https://registry.npmjs.org/ieee754/-/ieee754-1.2.1.tgz 0ms (cache hit)
1405 http cache base64-js@https://registry.npmjs.org/base64-js/-/base64-js-1.5.1.tgz 0ms (cache hit)
1406 http cache readable-stream@https://registry.npmjs.org/readable-stream/-/readable-stream-3.6.2.tgz 0ms (cache hit)
1407 http cache buffer@https://registry.npmjs.org/buffer/-/buffer-6.0.3.tgz 0ms (cache hit)
1408 http cache bl@https://registry.npmjs.org/bl/-/bl-5.1.0.tgz 0ms (cache hit)
1409 http cache color-name@https://registry.npmjs.org/color-name/-/color-name-1.1.4.tgz 0ms (cache hit)
1410 http cache color-convert@https://registry.npmjs.org/color-convert/-/color-convert-2.0.1.tgz 0ms (cache hit)
1411 http cache is-fullwidth-code-point@https://registry.npmjs.org/is-fullwidth-code-point/-/is-fullwidth-code-point-3.0.0.tgz 0ms (cache hit)
1412 http cache astral-regex@https://registry.npmjs.org/astral-regex/-/astral-regex-2.0.0.tgz 0ms (cache hit)
1413 http cache ansi-styles@https://registry.npmjs.org/ansi-styles/-/ansi-styles-4.3.0.tgz 0ms (cache hit)
1414 http cache concat-map@https://registry.npmjs.org/concat-map/-/concat-map-0.0.1.tgz 0ms (cache hit)
1415 http cache balanced-match@https://registry.npmjs.org/balanced-match/-/balanced-match-1.0.2.tgz 0ms (cache hit)
1416 http cache brace-expansion@https://registry.npmjs.org/brace-expansion/-/brace-expansion-1.1.15.tgz 0ms (cache hit)
1417 http cache wrappy@https://registry.npmjs.org/wrappy/-/wrappy-1.0.2.tgz 0ms (cache hit)
1418 http cache path-is-absolute@https://registry.npmjs.org/path-is-absolute/-/path-is-absolute-1.0.1.tgz 0ms (cache hit)
1419 http cache once@https://registry.npmjs.org/once/-/once-1.4.0.tgz 0ms (cache hit)
1420 http cache minimatch@https://registry.npmjs.org/minimatch/-/minimatch-3.1.5.tgz 0ms (cache hit)
1421 http cache inherits@https://registry.npmjs.org/inherits/-/inherits-2.0.4.tgz 0ms (cache hit)
1422 http cache inflight@https://registry.npmjs.org/inflight/-/inflight-1.0.6.tgz 0ms (cache hit)
1423 http cache fs.realpath@https://registry.npmjs.org/fs.realpath/-/fs.realpath-1.0.0.tgz 0ms (cache hit)
1424 http cache glob@https://registry.npmjs.org/glob/-/glob-7.2.3.tgz 0ms (cache hit)
1425 http cache mimic-fn@https://registry.npmjs.org/mimic-fn/-/mimic-fn-2.1.0.tgz 0ms (cache hit)
1426 http cache esprima@https://registry.npmjs.org/esprima/-/esprima-4.0.1.tgz 0ms (cache hit)
1427 http cache big-integer@https://registry.npmjs.org/big-integer/-/big-integer-1.6.52.tgz 0ms (cache hit)
1428 http cache onetime@https://registry.npmjs.org/onetime/-/onetime-5.1.2.tgz 0ms (cache hit)
1429 http cache remove-accents@https://registry.npmjs.org/remove-accents/-/remove-accents-0.5.0.tgz 0ms (cache hit)
1430 http cache unload@https://registry.npmjs.org/unload/-/unload-2.2.0.tgz 0ms (cache hit)
1431 http cache rimraf@https://registry.npmjs.org/rimraf/-/rimraf-3.0.2.tgz 0ms (cache hit)
1432 http cache oblivious-set@https://registry.npmjs.org/oblivious-set/-/oblivious-set-1.0.0.tgz 0ms (cache hit)
1433 http cache nano-time@https://registry.npmjs.org/nano-time/-/nano-time-1.0.0.tgz 0ms (cache hit)
1434 http cache microseconds@https://registry.npmjs.org/microseconds/-/microseconds-0.2.0.tgz 0ms (cache hit)
1435 http cache js-sha3@https://registry.npmjs.org/js-sha3/-/js-sha3-0.8.0.tgz 0ms (cache hit)
1436 http cache detect-node@https://registry.npmjs.org/detect-node/-/detect-node-2.1.0.tgz 0ms (cache hit)
1437 http cache match-sorter@https://registry.npmjs.org/match-sorter/-/match-sorter-6.3.4.tgz 0ms (cache hit)
1438 http cache @babel/runtime@https://registry.npmjs.org/@babel/runtime/-/runtime-7.29.7.tgz 0ms (cache hit)
1439 http cache shell-quote@https://registry.npmjs.org/shell-quote/-/shell-quote-1.8.4.tgz 0ms (cache hit)
1440 http cache broadcast-channel@https://registry.npmjs.org/broadcast-channel/-/broadcast-channel-3.7.0.tgz 0ms (cache hit)
1441 http cache js-tokens@https://registry.npmjs.org/js-tokens/-/js-tokens-4.0.0.tgz 0ms (cache hit)
1442 http cache react-is@https://registry.npmjs.org/react-is/-/react-is-16.13.1.tgz 0ms (cache hit)
1443 http cache stdin-discarder@https://registry.npmjs.org/stdin-discarder/-/stdin-discarder-0.1.0.tgz 0ms (cache hit)
1444 http cache wcwidth@https://registry.npmjs.org/wcwidth/-/wcwidth-1.0.1.tgz 0ms (cache hit)
1445 http cache log-symbols@https://registry.npmjs.org/log-symbols/-/log-symbols-5.1.0.tgz 0ms (cache hit)
1446 http cache loose-envify@https://registry.npmjs.org/loose-envify/-/loose-envify-1.4.0.tgz 0ms (cache hit)
1447 http cache is-unicode-supported@https://registry.npmjs.org/is-unicode-supported/-/is-unicode-supported-1.3.0.tgz 0ms (cache hit)
1448 http cache is-interactive@https://registry.npmjs.org/is-interactive/-/is-interactive-2.0.0.tgz 0ms (cache hit)
1449 http cache thenify-all@https://registry.npmjs.org/thenify-all/-/thenify-all-1.6.0.tgz 0ms (cache hit)
1450 http cache object-assign@https://registry.npmjs.org/object-assign/-/object-assign-4.1.1.tgz 0ms (cache hit)
1451 http cache any-promise@https://registry.npmjs.org/any-promise/-/any-promise-1.3.0.tgz 0ms (cache hit)
1452 http cache mime-db@https://registry.npmjs.org/mime-db/-/mime-db-1.52.0.tgz 0ms (cache hit)
1453 http cache @colors/colors@https://registry.npmjs.org/@colors/colors/-/colors-1.5.0.tgz 0ms (cache hit)
1454 http cache redeyed@https://registry.npmjs.org/redeyed/-/redeyed-2.1.1.tgz 0ms (cache hit)
1455 http cache ansicolors@https://registry.npmjs.org/ansicolors/-/ansicolors-0.3.2.tgz 0ms (cache hit)
1456 http cache supports-hyperlinks@https://registry.npmjs.org/supports-hyperlinks/-/supports-hyperlinks-2.3.0.tgz 0ms (cache hit)
1457 http cache node-emoji@https://registry.npmjs.org/node-emoji/-/node-emoji-1.11.0.tgz 0ms (cache hit)
1458 http cache cli-table3@https://registry.npmjs.org/cli-table3/-/cli-table3-0.6.5.tgz 0ms (cache hit)
1459 http cache cardinal@https://registry.npmjs.org/cardinal/-/cardinal-2.1.1.tgz 0ms (cache hit)
1460 http cache ci-info@https://registry.npmjs.org/ci-info/-/ci-info-2.0.0.tgz 0ms (cache hit)
1461 http cache safer-buffer@https://registry.npmjs.org/safer-buffer/-/safer-buffer-2.1.2.tgz 0ms (cache hit)
1462 http cache iconv-lite@https://registry.npmjs.org/iconv-lite/-/iconv-lite-0.7.2.tgz 0ms (cache hit)
1463 http cache chardet@https://registry.npmjs.org/chardet/-/chardet-2.1.1.tgz 0ms (cache hit)
1464 http cache yoctocolors-cjs@https://registry.npmjs.org/yoctocolors-cjs/-/yoctocolors-cjs-2.1.3.tgz 0ms (cache hit)
1465 http cache strip-ansi@https://registry.npmjs.org/strip-ansi/-/strip-ansi-6.0.1.tgz 0ms (cache hit)
1466 http cache rxjs@https://registry.npmjs.org/rxjs/-/rxjs-7.8.2.tgz 1ms (cache hit)
1467 http cache run-async@https://registry.npmjs.org/run-async/-/run-async-3.0.0.tgz 0ms (cache hit)
1468 http cache mute-stream@https://registry.npmjs.org/mute-stream/-/mute-stream-1.0.0.tgz 0ms (cache hit)
1469 http cache cli-width@https://registry.npmjs.org/cli-width/-/cli-width-4.1.0.tgz 0ms (cache hit)
1470 http cache @inquirer/figures@https://registry.npmjs.org/@inquirer/figures/-/figures-1.0.15.tgz 0ms (cache hit)
1471 http cache @inquirer/external-editor@https://registry.npmjs.org/@inquirer/external-editor/-/external-editor-1.0.3.tgz 1ms (cache hit)
1472 http cache cli-spinners@https://registry.npmjs.org/cli-spinners/-/cli-spinners-2.9.2.tgz 0ms (cache hit)
1473 http cache escape-string-regexp@https://registry.npmjs.org/escape-string-regexp/-/escape-string-regexp-1.0.5.tgz 0ms (cache hit)
1474 http cache lodash.isequal@https://registry.npmjs.org/lodash.isequal/-/lodash.isequal-4.5.0.tgz 0ms (cache hit)
1475 http cache arr-rotate@https://registry.npmjs.org/arr-rotate/-/arr-rotate-1.0.0.tgz 0ms (cache hit)
1476 http cache figures@https://registry.npmjs.org/figures/-/figures-3.2.0.tgz 0ms (cache hit)
1477 http cache prop-types@https://registry.npmjs.org/prop-types/-/prop-types-15.8.1.tgz 0ms (cache hit)
1478 http cache convert-to-spaces@https://registry.npmjs.org/convert-to-spaces/-/convert-to-spaces-1.0.2.tgz 0ms (cache hit)
1479 http cache restore-cursor@https://registry.npmjs.org/restore-cursor/-/restore-cursor-3.1.0.tgz 0ms (cache hit)
1480 http cache yoga-layout-prebuilt@https://registry.npmjs.org/yoga-layout-prebuilt/-/yoga-layout-prebuilt-1.10.0.tgz 0ms (cache hit)
1481 http cache ws@https://registry.npmjs.org/ws/-/ws-7.5.11.tgz 0ms (cache hit)
1482 http cache wrap-ansi@https://registry.npmjs.org/wrap-ansi/-/wrap-ansi-6.2.0.tgz 0ms (cache hit)
1483 http cache widest-line@https://registry.npmjs.org/widest-line/-/widest-line-3.1.0.tgz 0ms (cache hit)
1484 http cache type-fest@https://registry.npmjs.org/type-fest/-/type-fest-0.12.0.tgz 0ms (cache hit)
1485 http cache string-width@https://registry.npmjs.org/string-width/-/string-width-4.2.3.tgz 0ms (cache hit)
1486 http cache stack-utils@https://registry.npmjs.org/stack-utils/-/stack-utils-2.0.6.tgz 0ms (cache hit)
1487 http cache @githubnext/github-copilot-cli@https://registry.npmjs.org/@githubnext/github-copilot-cli/-/github-copilot-cli-0.1.36.tgz 0ms (cache hit)
1488 http cache escape-string-regexp@https://registry.npmjs.org/escape-string-regexp/-/escape-string-regexp-2.0.0.tgz 0ms (cache hit)
1489 http cache slice-ansi@https://registry.npmjs.org/slice-ansi/-/slice-ansi-3.0.0.tgz 0ms (cache hit)
1490 http cache signal-exit@https://registry.npmjs.org/signal-exit/-/signal-exit-3.0.7.tgz 0ms (cache hit)
1491 http cache scheduler@https://registry.npmjs.org/scheduler/-/scheduler-0.20.2.tgz 0ms (cache hit)
1492 http cache react-reconciler@https://registry.npmjs.org/react-reconciler/-/react-reconciler-0.26.2.tgz 0ms (cache hit)
1493 http cache patch-console@https://registry.npmjs.org/patch-console/-/patch-console-1.0.0.tgz 0ms (cache hit)
1494 http cache lodash@https://registry.npmjs.org/lodash/-/lodash-4.18.1.tgz 0ms (cache hit)
1495 http cache is-ci@https://registry.npmjs.org/is-ci/-/is-ci-2.0.0.tgz 0ms (cache hit)
1496 http cache indent-string@https://registry.npmjs.org/indent-string/-/indent-string-4.0.0.tgz 0ms (cache hit)
1497 http cache code-excerpt@https://registry.npmjs.org/code-excerpt/-/code-excerpt-3.0.0.tgz 0ms (cache hit)
1498 http cache cli-truncate@https://registry.npmjs.org/cli-truncate/-/cli-truncate-2.1.0.tgz 0ms (cache hit)
1499 http cache cli-cursor@https://registry.npmjs.org/cli-cursor/-/cli-cursor-3.1.0.tgz 0ms (cache hit)
1500 http cache cli-boxes@https://registry.npmjs.org/cli-boxes/-/cli-boxes-2.2.1.tgz 0ms (cache hit)
1501 http cache auto-bind@https://registry.npmjs.org/auto-bind/-/auto-bind-4.0.0.tgz 0ms (cache hit)
1502 http cache ansi-escapes@https://registry.npmjs.org/ansi-escapes/-/ansi-escapes-4.3.2.tgz 0ms (cache hit)
1503 http cache type-fest@https://registry.npmjs.org/type-fest/-/type-fest-0.21.3.tgz 0ms (cache hit)
1504 http cache module-details-from-path@https://registry.npmjs.org/module-details-from-path/-/module-details-from-path-1.0.4.tgz 0ms (cache hit)
1505 http cache cjs-module-lexer@https://registry.npmjs.org/cjs-module-lexer/-/cjs-module-lexer-2.2.0.tgz 0ms (cache hit)
1506 http cache acorn-import-attributes@https://registry.npmjs.org/acorn-import-attributes/-/acorn-import-attributes-1.9.5.tgz 0ms (cache hit)
1507 http cache acorn@https://registry.npmjs.org/acorn/-/acorn-8.17.0.tgz 0ms (cache hit)
1508 http cache ms@https://registry.npmjs.org/ms/-/ms-2.1.3.tgz 0ms (cache hit)
1509 http cache debug@https://registry.npmjs.org/debug/-/debug-4.4.3.tgz 0ms (cache hit)
1510 http cache agent-base@https://registry.npmjs.org/agent-base/-/agent-base-7.1.4.tgz 0ms (cache hit)
1511 http cache dunder-proto@https://registry.npmjs.org/dunder-proto/-/dunder-proto-1.0.1.tgz 0ms (cache hit)
1512 http cache math-intrinsics@https://registry.npmjs.org/math-intrinsics/-/math-intrinsics-1.1.0.tgz 0ms (cache hit)
1513 http cache has-symbols@https://registry.npmjs.org/has-symbols/-/has-symbols-1.1.0.tgz 0ms (cache hit)
1514 http cache gopd@https://registry.npmjs.org/gopd/-/gopd-1.2.0.tgz 0ms (cache hit)
1515 http cache get-proto@https://registry.npmjs.org/get-proto/-/get-proto-1.0.1.tgz 0ms (cache hit)
1516 http cache function-bind@https://registry.npmjs.org/function-bind/-/function-bind-1.1.2.tgz 0ms (cache hit)
1517 http cache es-object-atoms@https://registry.npmjs.org/es-object-atoms/-/es-object-atoms-1.1.2.tgz 0ms (cache hit)
1518 http cache es-define-property@https://registry.npmjs.org/es-define-property/-/es-define-property-1.0.1.tgz 0ms (cache hit)
1519 http cache call-bind-apply-helpers@https://registry.npmjs.org/call-bind-apply-helpers/-/call-bind-apply-helpers-1.0.2.tgz 0ms (cache hit)
1520 http cache has-tostringtag@https://registry.npmjs.org/has-tostringtag/-/has-tostringtag-1.0.2.tgz 1ms (cache hit)
1521 http cache get-intrinsic@https://registry.npmjs.org/get-intrinsic/-/get-intrinsic-1.3.0.tgz 0ms (cache hit)
1522 http cache es-errors@https://registry.npmjs.org/es-errors/-/es-errors-1.3.0.tgz 0ms (cache hit)
1523 http cache delayed-stream@https://registry.npmjs.org/delayed-stream/-/delayed-stream-1.0.0.tgz 0ms (cache hit)
1524 http cache mime-types@https://registry.npmjs.org/mime-types/-/mime-types-2.1.35.tgz 0ms (cache hit)
1525 http cache hasown@https://registry.npmjs.org/hasown/-/hasown-2.0.4.tgz 0ms (cache hit)
1526 http cache es-set-tostringtag@https://registry.npmjs.org/es-set-tostringtag/-/es-set-tostringtag-2.1.0.tgz 0ms (cache hit)
1527 http cache combined-stream@https://registry.npmjs.org/combined-stream/-/combined-stream-1.0.8.tgz 0ms (cache hit)
1528 http cache asynckit@https://registry.npmjs.org/asynckit/-/asynckit-0.4.0.tgz 0ms (cache hit)
1529 http cache shimmer@https://registry.npmjs.org/shimmer/-/shimmer-1.2.1.tgz 0ms (cache hit)
1530 http cache async-listener@https://registry.npmjs.org/async-listener/-/async-listener-0.6.10.tgz 0ms (cache hit)
1531 http cache stack-chain@https://registry.npmjs.org/stack-chain/-/stack-chain-1.3.7.tgz 0ms (cache hit)
1532 http cache emitter-listener@https://registry.npmjs.org/emitter-listener/-/emitter-listener-1.1.2.tgz 0ms (cache hit)
1533 http cache async-hook-jl@https://registry.npmjs.org/async-hook-jl/-/async-hook-jl-1.7.6.tgz 0ms (cache hit)
1534 http cache yargs@https://registry.npmjs.org/yargs/-/yargs-16.2.0.tgz 0ms (cache hit)
1535 http cache parse5-htmlparser2-tree-adapter@https://registry.npmjs.org/parse5-htmlparser2-tree-adapter/-/parse5-htmlparser2-tree-adapter-6.0.1.tgz 0ms (cache hit)
1536 http cache parse5@https://registry.npmjs.org/parse5/-/parse5-6.0.1.tgz 0ms (cache hit)
1537 http cache parse5@https://registry.npmjs.org/parse5/-/parse5-5.1.1.tgz 0ms (cache hit)
1538 http cache mz@https://registry.npmjs.org/mz/-/mz-2.7.0.tgz 0ms (cache hit)
1539 http cache highlight.js@https://registry.npmjs.org/highlight.js/-/highlight.js-10.7.3.tgz 0ms (cache hit)
1540 http cache proxy-from-env@https://registry.npmjs.org/proxy-from-env/-/proxy-from-env-2.1.0.tgz 0ms (cache hit)
1541 http cache form-data@https://registry.npmjs.org/form-data/-/form-data-4.0.6.tgz 0ms (cache hit)
1542 http cache follow-redirects@https://registry.npmjs.org/follow-redirects/-/follow-redirects-1.16.0.tgz 0ms (cache hit)
1543 http cache @opentelemetry/semantic-conventions@https://registry.npmjs.org/@opentelemetry/semantic-conventions/-/semantic-conventions-1.28.0.tgz 0ms (cache hit)
1544 http cache @opentelemetry/resources@https://registry.npmjs.org/@opentelemetry/resources/-/resources-1.30.1.tgz 0ms (cache hit)
1545 http cache require-in-the-middle@https://registry.npmjs.org/require-in-the-middle/-/require-in-the-middle-8.0.1.tgz 0ms (cache hit)
1546 http cache import-in-the-middle@https://registry.npmjs.org/import-in-the-middle/-/import-in-the-middle-2.0.6.tgz 0ms (cache hit)
1547 http cache @opentelemetry/api-logs@https://registry.npmjs.org/@opentelemetry/api-logs/-/api-logs-0.211.0.tgz 0ms (cache hit)
1548 http cache @opentelemetry/sdk-trace-web@https://registry.npmjs.org/@opentelemetry/sdk-trace-web/-/sdk-trace-web-2.8.0.tgz 0ms (cache hit)
1549 http cache @opentelemetry/resources@https://registry.npmjs.org/@opentelemetry/resources/-/resources-2.8.0.tgz 0ms (cache hit)
1550 http cache @opentelemetry/sdk-trace-base@https://registry.npmjs.org/@opentelemetry/sdk-trace-base/-/sdk-trace-base-2.8.0.tgz 0ms (cache hit)
1551 http cache @opentelemetry/core@https://registry.npmjs.org/@opentelemetry/core/-/core-2.8.0.tgz 0ms (cache hit)
1552 http cache @opentelemetry/instrumentation@https://registry.npmjs.org/@opentelemetry/instrumentation/-/instrumentation-0.211.0.tgz 0ms (cache hit)
1553 http cache @typespec/ts-http-runtime@https://registry.npmjs.org/@typespec/ts-http-runtime/-/ts-http-runtime-0.3.6.tgz 0ms (cache hit)
1554 http cache https-proxy-agent@https://registry.npmjs.org/https-proxy-agent/-/https-proxy-agent-7.0.6.tgz 0ms (cache hit)
1555 http cache http-proxy-agent@https://registry.npmjs.org/http-proxy-agent/-/http-proxy-agent-7.0.2.tgz 0ms (cache hit)
1556 http cache @azure/logger@https://registry.npmjs.org/@azure/logger/-/logger-1.3.0.tgz 0ms (cache hit)
1557 http cache @azure/core-tracing@https://registry.npmjs.org/@azure/core-tracing/-/core-tracing-1.3.1.tgz 0ms (cache hit)
1558 http cache tslib@https://registry.npmjs.org/tslib/-/tslib-2.8.1.tgz 0ms (cache hit)
1559 http cache @azure/core-util@https://registry.npmjs.org/@azure/core-util/-/core-util-1.13.1.tgz 0ms (cache hit)
1560 http cache @azure/abort-controller@https://registry.npmjs.org/@azure/abort-controller/-/abort-controller-2.1.2.tgz 0ms (cache hit)
1561 http cache diagnostic-channel-publishers@https://registry.npmjs.org/diagnostic-channel-publishers/-/diagnostic-channel-publishers-1.0.8.tgz 0ms (cache hit)
1562 http cache diagnostic-channel@https://registry.npmjs.org/diagnostic-channel/-/diagnostic-channel-1.1.1.tgz 0ms (cache hit)
1563 http cache semver@https://registry.npmjs.org/semver/-/semver-7.8.4.tgz 0ms (cache hit)
1564 http cache continuation-local-storage@https://registry.npmjs.org/continuation-local-storage/-/continuation-local-storage-3.2.1.tgz 0ms (cache hit)
1565 http cache cls-hooked@https://registry.npmjs.org/cls-hooked/-/cls-hooked-4.2.2.tgz 0ms (cache hit)
1566 http cache @opentelemetry/semantic-conventions@https://registry.npmjs.org/@opentelemetry/semantic-conventions/-/semantic-conventions-1.41.1.tgz 0ms (cache hit)
1567 http cache @opentelemetry/sdk-trace-base@https://registry.npmjs.org/@opentelemetry/sdk-trace-base/-/sdk-trace-base-1.30.1.tgz 0ms (cache hit)
1568 http cache @opentelemetry/semantic-conventions@https://registry.npmjs.org/@opentelemetry/semantic-conventions/-/semantic-conventions-1.28.0.tgz 0ms (cache hit)
1569 http cache @opentelemetry/core@https://registry.npmjs.org/@opentelemetry/core/-/core-1.30.1.tgz 0ms (cache hit)
1570 http cache @opentelemetry/semantic-conventions@https://registry.npmjs.org/@opentelemetry/semantic-conventions/-/semantic-conventions-1.28.0.tgz 1ms (cache hit)
1571 http cache @opentelemetry/api@https://registry.npmjs.org/@opentelemetry/api/-/api-1.9.1.tgz 0ms (cache hit)
1572 http cache @microsoft/applicationinsights-web-snippet@https://registry.npmjs.org/@microsoft/applicationinsights-web-snippet/-/applicationinsights-web-snippet-1.0.1.tgz 0ms (cache hit)
1573 http cache @azure/opentelemetry-instrumentation-azure-sdk@https://registry.npmjs.org/@azure/opentelemetry-instrumentation-azure-sdk/-/opentelemetry-instrumentation-azure-sdk-1.0.0.tgz 0ms (cache hit)
1574 http cache @opentelemetry/core@https://registry.npmjs.org/@opentelemetry/core/-/core-2.8.0.tgz 0ms (cache hit)
1575 http cache @azure/core-rest-pipeline@https://registry.npmjs.org/@azure/core-rest-pipeline/-/core-rest-pipeline-1.16.3.tgz 0ms (cache hit)
1576 http cache @azure/core-auth@https://registry.npmjs.org/@azure/core-auth/-/core-auth-1.7.2.tgz 0ms (cache hit)
1577 http cache zustand@https://registry.npmjs.org/zustand/-/zustand-4.5.7.tgz 0ms (cache hit)
1578 http cache use-zustand@https://registry.npmjs.org/use-zustand/-/use-zustand-0.0.1.tgz 0ms (cache hit)
1579 http cache uuid@https://registry.npmjs.org/uuid/-/uuid-9.0.1.tgz 0ms (cache hit)
1580 http cache ts-dedent@https://registry.npmjs.org/ts-dedent/-/ts-dedent-2.3.0.tgz 0ms (cache hit)
1581 http cache tough-cookie@https://registry.npmjs.org/tough-cookie/-/tough-cookie-4.1.4.tgz 0ms (cache hit)
1582 http cache tiny-invariant@https://registry.npmjs.org/tiny-invariant/-/tiny-invariant-1.3.3.tgz 0ms (cache hit)
1583 http cache simple-update-notifier@https://registry.npmjs.org/simple-update-notifier/-/simple-update-notifier-1.1.0.tgz 0ms (cache hit)
1584 http cache semver@https://registry.npmjs.org/semver/-/semver-7.0.0.tgz 0ms (cache hit)
1585 http cache semver@https://registry.npmjs.org/semver/-/semver-5.7.2.tgz 0ms (cache hit)
1586 http cache react-query@https://registry.npmjs.org/react-query/-/react-query-3.39.3.tgz 0ms (cache hit)
1587 http cache react-dom@https://registry.npmjs.org/react-dom/-/react-dom-17.0.2.tgz 0ms (cache hit)
1588 http cache react-devtools-core@https://registry.npmjs.org/react-devtools-core/-/react-devtools-core-4.28.5.tgz 0ms (cache hit)
1589 http cache radash@https://registry.npmjs.org/radash/-/radash-9.5.0.tgz 0ms (cache hit)
1590 http cache ora@https://registry.npmjs.org/ora/-/ora-6.3.1.tgz 0ms (cache hit)
1591 http cache ansi-regex@https://registry.npmjs.org/ansi-regex/-/ansi-regex-6.2.2.tgz 0ms (cache hit)
1592 http cache restore-cursor@https://registry.npmjs.org/restore-cursor/-/restore-cursor-4.0.0.tgz 0ms (cache hit)
1593 http cache strip-ansi@https://registry.npmjs.org/strip-ansi/-/strip-ansi-7.2.0.tgz 0ms (cache hit)
1594 http cache cli-cursor@https://registry.npmjs.org/cli-cursor/-/cli-cursor-4.0.0.tgz 0ms (cache hit)
1595 http cache marked-terminal@https://registry.npmjs.org/marked-terminal/-/marked-terminal-5.2.0.tgz 0ms (cache hit)
1596 http cache ansi-escapes@https://registry.npmjs.org/ansi-escapes/-/ansi-escapes-6.2.1.tgz 0ms (cache hit)
1597 http cache marked@https://registry.npmjs.org/marked/-/marked-4.3.0.tgz 0ms (cache hit)
1598 http cache inquirer@https://registry.npmjs.org/inquirer/-/inquirer-9.3.8.tgz 0ms (cache hit)
1599 http cache buffer@https://registry.npmjs.org/buffer/-/buffer-5.7.1.tgz 0ms (cache hit)
1600 http cache log-symbols@https://registry.npmjs.org/log-symbols/-/log-symbols-4.1.0.tgz 0ms (cache hit)
1601 http cache is-unicode-supported@https://registry.npmjs.org/is-unicode-supported/-/is-unicode-supported-0.1.0.tgz 0ms (cache hit)
1602 http cache is-interactive@https://registry.npmjs.org/is-interactive/-/is-interactive-1.0.0.tgz 0ms (cache hit)
1603 http cache chalk@https://registry.npmjs.org/chalk/-/chalk-4.1.2.tgz 0ms (cache hit)
1604 http cache bl@https://registry.npmjs.org/bl/-/bl-4.1.0.tgz 0ms (cache hit)
1605 http cache ora@https://registry.npmjs.org/ora/-/ora-5.4.1.tgz 0ms (cache hit)
1606 http cache ink-text-input@https://registry.npmjs.org/ink-text-input/-/ink-text-input-4.0.3.tgz 0ms (cache hit)
1607 http cache type-fest@https://registry.npmjs.org/type-fest/-/type-fest-0.15.1.tgz 0ms (cache hit)
1608 http cache chalk@https://registry.npmjs.org/chalk/-/chalk-4.1.2.tgz 0ms (cache hit)
1609 http cache ink-spinner@https://registry.npmjs.org/ink-spinner/-/ink-spinner-4.0.3.tgz 0ms (cache hit)
1610 http cache ink-select-input@https://registry.npmjs.org/ink-select-input/-/ink-select-input-4.2.2.tgz 0ms (cache hit)
1611 http cache ink-divider@https://registry.npmjs.org/ink-divider/-/ink-divider-3.0.0.tgz 0ms (cache hit)
1612 http cache react@https://registry.npmjs.org/react/-/react-17.0.2.tgz 0ms (cache hit)
1613 http cache ink@https://registry.npmjs.org/ink/-/ink-3.2.0.tgz 0ms (cache hit)
1614 http cache chalk@https://registry.npmjs.org/chalk/-/chalk-4.1.2.tgz 0ms (cache hit)
1615 http cache immer@https://registry.npmjs.org/immer/-/immer-9.0.21.tgz 0ms (cache hit)
1616 http cache get-stream@https://registry.npmjs.org/get-stream/-/get-stream-6.0.1.tgz 0ms (cache hit)
1617 http cache commander@https://registry.npmjs.org/commander/-/commander-9.5.0.tgz 0ms (cache hit)
1618 http cache cli-highlight@https://registry.npmjs.org/cli-highlight/-/cli-highlight-2.1.11.tgz 0ms (cache hit)
1619 http cache chalk@https://registry.npmjs.org/chalk/-/chalk-4.1.2.tgz 0ms (cache hit)
1620 http cache chalk@https://registry.npmjs.org/chalk/-/chalk-5.6.2.tgz 0ms (cache hit)
1621 http cache axios@https://registry.npmjs.org/axios/-/axios-1.18.0.tgz 0ms (cache hit)
1622 http cache agent-base@https://registry.npmjs.org/agent-base/-/agent-base-6.0.2.tgz 0ms (cache hit)
1623 http cache https-proxy-agent@https://registry.npmjs.org/https-proxy-agent/-/https-proxy-agent-5.0.1.tgz 0ms (cache hit)
1624 http cache applicationinsights@https://registry.npmjs.org/applicationinsights/-/applicationinsights-2.9.8.tgz 0ms (cache hit)
1625 silly tarball no local data for use-sync-external-store@https://registry.npmjs.org/use-sync-external-store/-/use-sync-external-store-1.6.0.tgz. Extracting by manifest.
1626 silly tarball no local data for @types/yoga-layout@https://registry.npmjs.org/@types/yoga-layout/-/yoga-layout-1.9.2.tgz. Extracting by manifest.
1627 silly tarball no local data for y18n@https://registry.npmjs.org/y18n/-/y18n-5.0.8.tgz. Extracting by manifest.
1628 silly tarball no local data for yargs-parser@https://registry.npmjs.org/yargs-parser/-/yargs-parser-20.2.9.tgz. Extracting by manifest.
1629 silly tarball no local data for require-directory@https://registry.npmjs.org/require-directory/-/require-directory-2.1.1.tgz. Extracting by manifest.
1630 silly tarball no local data for escalade@https://registry.npmjs.org/escalade/-/escalade-3.2.0.tgz. Extracting by manifest.
1631 silly tarball no local data for wrap-ansi@https://registry.npmjs.org/wrap-ansi/-/wrap-ansi-7.0.0.tgz. Extracting by manifest.
1632 silly tarball no local data for get-caller-file@https://registry.npmjs.org/get-caller-file/-/get-caller-file-2.0.5.tgz. Extracting by manifest.
1633 silly tarball no local data for cliui@https://registry.npmjs.org/cliui/-/cliui-7.0.4.tgz. Extracting by manifest.
1634 silly tarball no local data for clone@https://registry.npmjs.org/clone/-/clone-1.0.4.tgz. Extracting by manifest.
1635 silly tarball no local data for requires-port@https://registry.npmjs.org/requires-port/-/requires-port-1.0.0.tgz. Extracting by manifest.
1636 silly tarball no local data for querystringify@https://registry.npmjs.org/querystringify/-/querystringify-2.2.0.tgz. Extracting by manifest.
1637 silly tarball no local data for defaults@https://registry.npmjs.org/defaults/-/defaults-1.0.4.tgz. Extracting by manifest.
1638 silly tarball no local data for url-parse@https://registry.npmjs.org/url-parse/-/url-parse-1.5.10.tgz. Extracting by manifest.
1639 silly tarball no local data for universalify@https://registry.npmjs.org/universalify/-/universalify-0.2.0.tgz. Extracting by manifest.
1640 silly tarball no local data for punycode@https://registry.npmjs.org/punycode/-/punycode-2.3.1.tgz. Extracting by manifest.
1641 silly tarball no local data for psl@https://registry.npmjs.org/psl/-/psl-1.15.0.tgz. Extracting by manifest.
1642 silly tarball no local data for thenify@https://registry.npmjs.org/thenify/-/thenify-3.3.1.tgz. Extracting by manifest.
1643 silly tarball no local data for supports-color@https://registry.npmjs.org/supports-color/-/supports-color-7.2.0.tgz. Extracting by manifest.
1644 silly tarball no local data for has-flag@https://registry.npmjs.org/has-flag/-/has-flag-4.0.0.tgz. Extracting by manifest.
1645 silly tarball no local data for ansi-regex@https://registry.npmjs.org/ansi-regex/-/ansi-regex-5.0.1.tgz. Extracting by manifest.
1646 silly tarball no local data for emoji-regex@https://registry.npmjs.org/emoji-regex/-/emoji-regex-8.0.0.tgz. Extracting by manifest.
1647 silly tarball no local data for safe-buffer@https://registry.npmjs.org/safe-buffer/-/safe-buffer-5.2.1.tgz. Extracting by manifest.
1648 silly tarball no local data for util-deprecate@https://registry.npmjs.org/util-deprecate/-/util-deprecate-1.0.2.tgz. Extracting by manifest.
1649 silly tarball no local data for string_decoder@https://registry.npmjs.org/string_decoder/-/string_decoder-1.3.0.tgz. Extracting by manifest.
1650 silly tarball no local data for ieee754@https://registry.npmjs.org/ieee754/-/ieee754-1.2.1.tgz. Extracting by manifest.
1651 silly tarball no local data for base64-js@https://registry.npmjs.org/base64-js/-/base64-js-1.5.1.tgz. Extracting by manifest.
1652 silly tarball no local data for readable-stream@https://registry.npmjs.org/readable-stream/-/readable-stream-3.6.2.tgz. Extracting by manifest.
1653 silly tarball no local data for buffer@https://registry.npmjs.org/buffer/-/buffer-6.0.3.tgz. Extracting by manifest.
1654 silly tarball no local data for bl@https://registry.npmjs.org/bl/-/bl-5.1.0.tgz. Extracting by manifest.
1655 silly tarball no local data for color-convert@https://registry.npmjs.org/color-convert/-/color-convert-2.0.1.tgz. Extracting by manifest.
1656 silly tarball no local data for color-name@https://registry.npmjs.org/color-name/-/color-name-1.1.4.tgz. Extracting by manifest.
1657 silly tarball no local data for is-fullwidth-code-point@https://registry.npmjs.org/is-fullwidth-code-point/-/is-fullwidth-code-point-3.0.0.tgz. Extracting by manifest.
1658 silly tarball no local data for astral-regex@https://registry.npmjs.org/astral-regex/-/astral-regex-2.0.0.tgz. Extracting by manifest.
1659 silly tarball no local data for ansi-styles@https://registry.npmjs.org/ansi-styles/-/ansi-styles-4.3.0.tgz. Extracting by manifest.
1660 silly tarball no local data for concat-map@https://registry.npmjs.org/concat-map/-/concat-map-0.0.1.tgz. Extracting by manifest.
1661 silly tarball no local data for balanced-match@https://registry.npmjs.org/balanced-match/-/balanced-match-1.0.2.tgz. Extracting by manifest.
1662 silly tarball no local data for brace-expansion@https://registry.npmjs.org/brace-expansion/-/brace-expansion-1.1.15.tgz. Extracting by manifest.
1663 silly tarball no local data for path-is-absolute@https://registry.npmjs.org/path-is-absolute/-/path-is-absolute-1.0.1.tgz. Extracting by manifest.
1664 silly tarball no local data for minimatch@https://registry.npmjs.org/minimatch/-/minimatch-3.1.5.tgz. Extracting by manifest.
1665 silly tarball no local data for inflight@https://registry.npmjs.org/inflight/-/inflight-1.0.6.tgz. Extracting by manifest.
1666 silly tarball no local data for fs.realpath@https://registry.npmjs.org/fs.realpath/-/fs.realpath-1.0.0.tgz. Extracting by manifest.
1667 silly tarball no local data for glob@https://registry.npmjs.org/glob/-/glob-7.2.3.tgz. Extracting by manifest.
1668 silly tarball no local data for mimic-fn@https://registry.npmjs.org/mimic-fn/-/mimic-fn-2.1.0.tgz. Extracting by manifest.
1669 silly tarball no local data for esprima@https://registry.npmjs.org/esprima/-/esprima-4.0.1.tgz. Extracting by manifest.
1670 silly tarball no local data for big-integer@https://registry.npmjs.org/big-integer/-/big-integer-1.6.52.tgz. Extracting by manifest.
1671 silly tarball no local data for onetime@https://registry.npmjs.org/onetime/-/onetime-5.1.2.tgz. Extracting by manifest.
1672 silly tarball no local data for remove-accents@https://registry.npmjs.org/remove-accents/-/remove-accents-0.5.0.tgz. Extracting by manifest.
1673 silly tarball no local data for unload@https://registry.npmjs.org/unload/-/unload-2.2.0.tgz. Extracting by manifest.
1674 silly tarball no local data for rimraf@https://registry.npmjs.org/rimraf/-/rimraf-3.0.2.tgz. Extracting by manifest.
1675 silly tarball no local data for oblivious-set@https://registry.npmjs.org/oblivious-set/-/oblivious-set-1.0.0.tgz. Extracting by manifest.
1676 silly tarball no local data for nano-time@https://registry.npmjs.org/nano-time/-/nano-time-1.0.0.tgz. Extracting by manifest.
1677 silly tarball no local data for microseconds@https://registry.npmjs.org/microseconds/-/microseconds-0.2.0.tgz. Extracting by manifest.
1678 silly tarball no local data for js-sha3@https://registry.npmjs.org/js-sha3/-/js-sha3-0.8.0.tgz. Extracting by manifest.
1679 silly tarball no local data for detect-node@https://registry.npmjs.org/detect-node/-/detect-node-2.1.0.tgz. Extracting by manifest.
1680 silly tarball no local data for match-sorter@https://registry.npmjs.org/match-sorter/-/match-sorter-6.3.4.tgz. Extracting by manifest.
1681 silly tarball no local data for @babel/runtime@https://registry.npmjs.org/@babel/runtime/-/runtime-7.29.7.tgz. Extracting by manifest.
1682 silly tarball no local data for shell-quote@https://registry.npmjs.org/shell-quote/-/shell-quote-1.8.4.tgz. Extracting by manifest.
1683 silly tarball no local data for broadcast-channel@https://registry.npmjs.org/broadcast-channel/-/broadcast-channel-3.7.0.tgz. Extracting by manifest.
1684 silly tarball no local data for js-tokens@https://registry.npmjs.org/js-tokens/-/js-tokens-4.0.0.tgz. Extracting by manifest.
1685 silly tarball no local data for react-is@https://registry.npmjs.org/react-is/-/react-is-16.13.1.tgz. Extracting by manifest.
1686 silly tarball no local data for stdin-discarder@https://registry.npmjs.org/stdin-discarder/-/stdin-discarder-0.1.0.tgz. Extracting by manifest.
1687 silly tarball no local data for wcwidth@https://registry.npmjs.org/wcwidth/-/wcwidth-1.0.1.tgz. Extracting by manifest.
1688 silly tarball no local data for log-symbols@https://registry.npmjs.org/log-symbols/-/log-symbols-5.1.0.tgz. Extracting by manifest.
1689 silly tarball no local data for loose-envify@https://registry.npmjs.org/loose-envify/-/loose-envify-1.4.0.tgz. Extracting by manifest.
1690 silly tarball no local data for is-unicode-supported@https://registry.npmjs.org/is-unicode-supported/-/is-unicode-supported-1.3.0.tgz. Extracting by manifest.
1691 silly tarball no local data for is-interactive@https://registry.npmjs.org/is-interactive/-/is-interactive-2.0.0.tgz. Extracting by manifest.
1692 silly tarball no local data for thenify-all@https://registry.npmjs.org/thenify-all/-/thenify-all-1.6.0.tgz. Extracting by manifest.
1693 silly tarball no local data for object-assign@https://registry.npmjs.org/object-assign/-/object-assign-4.1.1.tgz. Extracting by manifest.
1694 silly tarball no local data for any-promise@https://registry.npmjs.org/any-promise/-/any-promise-1.3.0.tgz. Extracting by manifest.
1695 silly tarball no local data for mime-db@https://registry.npmjs.org/mime-db/-/mime-db-1.52.0.tgz. Extracting by manifest.
1696 silly tarball no local data for @colors/colors@https://registry.npmjs.org/@colors/colors/-/colors-1.5.0.tgz. Extracting by manifest.
1697 silly tarball no local data for redeyed@https://registry.npmjs.org/redeyed/-/redeyed-2.1.1.tgz. Extracting by manifest.
1698 silly tarball no local data for ansicolors@https://registry.npmjs.org/ansicolors/-/ansicolors-0.3.2.tgz. Extracting by manifest.
1699 silly tarball no local data for supports-hyperlinks@https://registry.npmjs.org/supports-hyperlinks/-/supports-hyperlinks-2.3.0.tgz. Extracting by manifest.
1700 silly tarball no local data for node-emoji@https://registry.npmjs.org/node-emoji/-/node-emoji-1.11.0.tgz. Extracting by manifest.
1701 silly tarball no local data for cli-table3@https://registry.npmjs.org/cli-table3/-/cli-table3-0.6.5.tgz. Extracting by manifest.
1702 silly tarball no local data for cardinal@https://registry.npmjs.org/cardinal/-/cardinal-2.1.1.tgz. Extracting by manifest.
1703 silly tarball no local data for ci-info@https://registry.npmjs.org/ci-info/-/ci-info-2.0.0.tgz. Extracting by manifest.
1704 silly tarball no local data for chardet@https://registry.npmjs.org/chardet/-/chardet-2.1.1.tgz. Extracting by manifest.
1705 silly tarball no local data for yoctocolors-cjs@https://registry.npmjs.org/yoctocolors-cjs/-/yoctocolors-cjs-2.1.3.tgz. Extracting by manifest.
1706 silly tarball no local data for strip-ansi@https://registry.npmjs.org/strip-ansi/-/strip-ansi-6.0.1.tgz. Extracting by manifest.
1707 silly tarball no local data for rxjs@https://registry.npmjs.org/rxjs/-/rxjs-7.8.2.tgz. Extracting by manifest.
1708 silly tarball no local data for run-async@https://registry.npmjs.org/run-async/-/run-async-3.0.0.tgz. Extracting by manifest.
1709 silly tarball no local data for mute-stream@https://registry.npmjs.org/mute-stream/-/mute-stream-1.0.0.tgz. Extracting by manifest.
1710 silly tarball no local data for cli-width@https://registry.npmjs.org/cli-width/-/cli-width-4.1.0.tgz. Extracting by manifest.
1711 silly tarball no local data for @inquirer/figures@https://registry.npmjs.org/@inquirer/figures/-/figures-1.0.15.tgz. Extracting by manifest.
1712 silly tarball no local data for @inquirer/external-editor@https://registry.npmjs.org/@inquirer/external-editor/-/external-editor-1.0.3.tgz. Extracting by manifest.
1713 silly tarball no local data for cli-spinners@https://registry.npmjs.org/cli-spinners/-/cli-spinners-2.9.2.tgz. Extracting by manifest.
1714 silly tarball no local data for escape-string-regexp@https://registry.npmjs.org/escape-string-regexp/-/escape-string-regexp-1.0.5.tgz. Extracting by manifest.
1715 silly tarball no local data for lodash.isequal@https://registry.npmjs.org/lodash.isequal/-/lodash.isequal-4.5.0.tgz. Extracting by manifest.
1716 silly tarball no local data for arr-rotate@https://registry.npmjs.org/arr-rotate/-/arr-rotate-1.0.0.tgz. Extracting by manifest.
1717 silly tarball no local data for figures@https://registry.npmjs.org/figures/-/figures-3.2.0.tgz. Extracting by manifest.
1718 silly tarball no local data for prop-types@https://registry.npmjs.org/prop-types/-/prop-types-15.8.1.tgz. Extracting by manifest.
1719 silly tarball no local data for convert-to-spaces@https://registry.npmjs.org/convert-to-spaces/-/convert-to-spaces-1.0.2.tgz. Extracting by manifest.
1720 silly tarball no local data for restore-cursor@https://registry.npmjs.org/restore-cursor/-/restore-cursor-3.1.0.tgz. Extracting by manifest.
1721 silly tarball no local data for ws@https://registry.npmjs.org/ws/-/ws-7.5.11.tgz. Extracting by manifest.
1722 silly tarball no local data for wrap-ansi@https://registry.npmjs.org/wrap-ansi/-/wrap-ansi-6.2.0.tgz. Extracting by manifest.
1723 silly tarball no local data for yoga-layout-prebuilt@https://registry.npmjs.org/yoga-layout-prebuilt/-/yoga-layout-prebuilt-1.10.0.tgz. Extracting by manifest.
1724 silly tarball no local data for widest-line@https://registry.npmjs.org/widest-line/-/widest-line-3.1.0.tgz. Extracting by manifest.
1725 silly tarball no local data for type-fest@https://registry.npmjs.org/type-fest/-/type-fest-0.12.0.tgz. Extracting by manifest.
1726 silly tarball no local data for string-width@https://registry.npmjs.org/string-width/-/string-width-4.2.3.tgz. Extracting by manifest.
1727 silly tarball no local data for stack-utils@https://registry.npmjs.org/stack-utils/-/stack-utils-2.0.6.tgz. Extracting by manifest.
1728 silly tarball no local data for @githubnext/github-copilot-cli@https://registry.npmjs.org/@githubnext/github-copilot-cli/-/github-copilot-cli-0.1.36.tgz. Extracting by manifest.
1729 silly tarball no local data for escape-string-regexp@https://registry.npmjs.org/escape-string-regexp/-/escape-string-regexp-2.0.0.tgz. Extracting by manifest.
1730 silly tarball no local data for slice-ansi@https://registry.npmjs.org/slice-ansi/-/slice-ansi-3.0.0.tgz. Extracting by manifest.
1731 silly tarball no local data for signal-exit@https://registry.npmjs.org/signal-exit/-/signal-exit-3.0.7.tgz. Extracting by manifest.
1732 silly tarball no local data for scheduler@https://registry.npmjs.org/scheduler/-/scheduler-0.20.2.tgz. Extracting by manifest.
1733 silly tarball no local data for react-reconciler@https://registry.npmjs.org/react-reconciler/-/react-reconciler-0.26.2.tgz. Extracting by manifest.
1734 silly tarball no local data for patch-console@https://registry.npmjs.org/patch-console/-/patch-console-1.0.0.tgz. Extracting by manifest.
1735 silly tarball no local data for lodash@https://registry.npmjs.org/lodash/-/lodash-4.18.1.tgz. Extracting by manifest.
1736 silly tarball no local data for is-ci@https://registry.npmjs.org/is-ci/-/is-ci-2.0.0.tgz. Extracting by manifest.
1737 silly tarball no local data for code-excerpt@https://registry.npmjs.org/code-excerpt/-/code-excerpt-3.0.0.tgz. Extracting by manifest.
1738 silly tarball no local data for cli-truncate@https://registry.npmjs.org/cli-truncate/-/cli-truncate-2.1.0.tgz. Extracting by manifest.
1739 silly tarball no local data for indent-string@https://registry.npmjs.org/indent-string/-/indent-string-4.0.0.tgz. Extracting by manifest.
1740 silly tarball no local data for cli-cursor@https://registry.npmjs.org/cli-cursor/-/cli-cursor-3.1.0.tgz. Extracting by manifest.
1741 silly tarball no local data for cli-boxes@https://registry.npmjs.org/cli-boxes/-/cli-boxes-2.2.1.tgz. Extracting by manifest.
1742 silly tarball no local data for auto-bind@https://registry.npmjs.org/auto-bind/-/auto-bind-4.0.0.tgz. Extracting by manifest.
1743 silly tarball no local data for ansi-escapes@https://registry.npmjs.org/ansi-escapes/-/ansi-escapes-4.3.2.tgz. Extracting by manifest.
1744 silly tarball no local data for type-fest@https://registry.npmjs.org/type-fest/-/type-fest-0.21.3.tgz. Extracting by manifest.
1745 silly tarball no local data for module-details-from-path@https://registry.npmjs.org/module-details-from-path/-/module-details-from-path-1.0.4.tgz. Extracting by manifest.
1746 silly tarball no local data for cjs-module-lexer@https://registry.npmjs.org/cjs-module-lexer/-/cjs-module-lexer-2.2.0.tgz. Extracting by manifest.
1747 silly tarball no local data for acorn-import-attributes@https://registry.npmjs.org/acorn-import-attributes/-/acorn-import-attributes-1.9.5.tgz. Extracting by manifest.
1748 silly tarball no local data for acorn@https://registry.npmjs.org/acorn/-/acorn-8.17.0.tgz. Extracting by manifest.
1749 silly tarball no local data for agent-base@https://registry.npmjs.org/agent-base/-/agent-base-7.1.4.tgz. Extracting by manifest.
1750 silly tarball no local data for es-object-atoms@https://registry.npmjs.org/es-object-atoms/-/es-object-atoms-1.1.2.tgz. Extracting by manifest.
1751 silly tarball no local data for has-tostringtag@https://registry.npmjs.org/has-tostringtag/-/has-tostringtag-1.0.2.tgz. Extracting by manifest.
1752 silly tarball no local data for delayed-stream@https://registry.npmjs.org/delayed-stream/-/delayed-stream-1.0.0.tgz. Extracting by manifest.
1753 silly tarball no local data for mime-types@https://registry.npmjs.org/mime-types/-/mime-types-2.1.35.tgz. Extracting by manifest.
1754 silly tarball no local data for hasown@https://registry.npmjs.org/hasown/-/hasown-2.0.4.tgz. Extracting by manifest.
1755 silly tarball no local data for es-set-tostringtag@https://registry.npmjs.org/es-set-tostringtag/-/es-set-tostringtag-2.1.0.tgz. Extracting by manifest.
1756 silly tarball no local data for combined-stream@https://registry.npmjs.org/combined-stream/-/combined-stream-1.0.8.tgz. Extracting by manifest.
1757 silly tarball no local data for asynckit@https://registry.npmjs.org/asynckit/-/asynckit-0.4.0.tgz. Extracting by manifest.
1758 silly tarball no local data for shimmer@https://registry.npmjs.org/shimmer/-/shimmer-1.2.1.tgz. Extracting by manifest.
1759 silly tarball no local data for async-listener@https://registry.npmjs.org/async-listener/-/async-listener-0.6.10.tgz. Extracting by manifest.
1760 silly tarball no local data for stack-chain@https://registry.npmjs.org/stack-chain/-/stack-chain-1.3.7.tgz. Extracting by manifest.
1761 silly tarball no local data for emitter-listener@https://registry.npmjs.org/emitter-listener/-/emitter-listener-1.1.2.tgz. Extracting by manifest.
1762 silly tarball no local data for async-hook-jl@https://registry.npmjs.org/async-hook-jl/-/async-hook-jl-1.7.6.tgz. Extracting by manifest.
1763 silly tarball no local data for yargs@https://registry.npmjs.org/yargs/-/yargs-16.2.0.tgz. Extracting by manifest.
1764 silly tarball no local data for parse5-htmlparser2-tree-adapter@https://registry.npmjs.org/parse5-htmlparser2-tree-adapter/-/parse5-htmlparser2-tree-adapter-6.0.1.tgz. Extracting by manifest.
1765 silly tarball no local data for parse5@https://registry.npmjs.org/parse5/-/parse5-6.0.1.tgz. Extracting by manifest.
1766 silly tarball no local data for parse5@https://registry.npmjs.org/parse5/-/parse5-5.1.1.tgz. Extracting by manifest.
1767 silly tarball no local data for mz@https://registry.npmjs.org/mz/-/mz-2.7.0.tgz. Extracting by manifest.
1768 silly tarball no local data for highlight.js@https://registry.npmjs.org/highlight.js/-/highlight.js-10.7.3.tgz. Extracting by manifest.
1769 silly tarball no local data for proxy-from-env@https://registry.npmjs.org/proxy-from-env/-/proxy-from-env-2.1.0.tgz. Extracting by manifest.
1770 silly tarball no local data for follow-redirects@https://registry.npmjs.org/follow-redirects/-/follow-redirects-1.16.0.tgz. Extracting by manifest.
1771 silly tarball no local data for @opentelemetry/semantic-conventions@https://registry.npmjs.org/@opentelemetry/semantic-conventions/-/semantic-conventions-1.28.0.tgz. Extracting by manifest.
1772 silly tarball no local data for @opentelemetry/resources@https://registry.npmjs.org/@opentelemetry/resources/-/resources-1.30.1.tgz. Extracting by manifest.
1773 silly tarball no local data for require-in-the-middle@https://registry.npmjs.org/require-in-the-middle/-/require-in-the-middle-8.0.1.tgz. Extracting by manifest.
1774 silly tarball no local data for import-in-the-middle@https://registry.npmjs.org/import-in-the-middle/-/import-in-the-middle-2.0.6.tgz. Extracting by manifest.
1775 silly tarball no local data for @opentelemetry/sdk-trace-web@https://registry.npmjs.org/@opentelemetry/sdk-trace-web/-/sdk-trace-web-2.8.0.tgz. Extracting by manifest.
1776 silly tarball no local data for @opentelemetry/resources@https://registry.npmjs.org/@opentelemetry/resources/-/resources-2.8.0.tgz. Extracting by manifest.
1777 silly tarball no local data for @opentelemetry/sdk-trace-base@https://registry.npmjs.org/@opentelemetry/sdk-trace-base/-/sdk-trace-base-2.8.0.tgz. Extracting by manifest.
1778 silly tarball no local data for form-data@https://registry.npmjs.org/form-data/-/form-data-4.0.6.tgz. Extracting by manifest.
1779 silly tarball no local data for @opentelemetry/api-logs@https://registry.npmjs.org/@opentelemetry/api-logs/-/api-logs-0.211.0.tgz. Extracting by manifest.
1780 silly tarball no local data for @opentelemetry/core@https://registry.npmjs.org/@opentelemetry/core/-/core-2.8.0.tgz. Extracting by manifest.
1781 silly tarball no local data for @opentelemetry/instrumentation@https://registry.npmjs.org/@opentelemetry/instrumentation/-/instrumentation-0.211.0.tgz. Extracting by manifest.
1782 silly tarball no local data for @typespec/ts-http-runtime@https://registry.npmjs.org/@typespec/ts-http-runtime/-/ts-http-runtime-0.3.6.tgz. Extracting by manifest.
1783 silly tarball no local data for https-proxy-agent@https://registry.npmjs.org/https-proxy-agent/-/https-proxy-agent-7.0.6.tgz. Extracting by manifest.
1784 silly tarball no local data for http-proxy-agent@https://registry.npmjs.org/http-proxy-agent/-/http-proxy-agent-7.0.2.tgz. Extracting by manifest.
1785 silly tarball no local data for @azure/logger@https://registry.npmjs.org/@azure/logger/-/logger-1.3.0.tgz. Extracting by manifest.
1786 silly tarball no local data for @azure/core-tracing@https://registry.npmjs.org/@azure/core-tracing/-/core-tracing-1.3.1.tgz. Extracting by manifest.
1787 silly tarball no local data for @azure/core-util@https://registry.npmjs.org/@azure/core-util/-/core-util-1.13.1.tgz. Extracting by manifest.
1788 silly tarball no local data for @azure/abort-controller@https://registry.npmjs.org/@azure/abort-controller/-/abort-controller-2.1.2.tgz. Extracting by manifest.
1789 silly tarball no local data for diagnostic-channel-publishers@https://registry.npmjs.org/diagnostic-channel-publishers/-/diagnostic-channel-publishers-1.0.8.tgz. Extracting by manifest.
1790 silly tarball no local data for diagnostic-channel@https://registry.npmjs.org/diagnostic-channel/-/diagnostic-channel-1.1.1.tgz. Extracting by manifest.
1791 silly tarball no local data for semver@https://registry.npmjs.org/semver/-/semver-7.8.4.tgz. Extracting by manifest.
1792 silly tarball no local data for continuation-local-storage@https://registry.npmjs.org/continuation-local-storage/-/continuation-local-storage-3.2.1.tgz. Extracting by manifest.
1793 silly tarball no local data for cls-hooked@https://registry.npmjs.org/cls-hooked/-/cls-hooked-4.2.2.tgz. Extracting by manifest.
1794 silly tarball no local data for @opentelemetry/semantic-conventions@https://registry.npmjs.org/@opentelemetry/semantic-conventions/-/semantic-conventions-1.41.1.tgz. Extracting by manifest.
1795 silly tarball no local data for @opentelemetry/sdk-trace-base@https://registry.npmjs.org/@opentelemetry/sdk-trace-base/-/sdk-trace-base-1.30.1.tgz. Extracting by manifest.
1796 silly tarball no local data for @opentelemetry/semantic-conventions@https://registry.npmjs.org/@opentelemetry/semantic-conventions/-/semantic-conventions-1.28.0.tgz. Extracting by manifest.
1797 silly tarball no local data for @opentelemetry/core@https://registry.npmjs.org/@opentelemetry/core/-/core-1.30.1.tgz. Extracting by manifest.
1798 silly tarball no local data for @opentelemetry/semantic-conventions@https://registry.npmjs.org/@opentelemetry/semantic-conventions/-/semantic-conventions-1.28.0.tgz. Extracting by manifest.
1799 silly tarball no local data for @opentelemetry/api@https://registry.npmjs.org/@opentelemetry/api/-/api-1.9.1.tgz. Extracting by manifest.
1800 silly tarball no local data for @microsoft/applicationinsights-web-snippet@https://registry.npmjs.org/@microsoft/applicationinsights-web-snippet/-/applicationinsights-web-snippet-1.0.1.tgz. Extracting by manifest.
1801 silly tarball no local data for @azure/opentelemetry-instrumentation-azure-sdk@https://registry.npmjs.org/@azure/opentelemetry-instrumentation-azure-sdk/-/opentelemetry-instrumentation-azure-sdk-1.0.0.tgz. Extracting by manifest.
1802 silly tarball no local data for @opentelemetry/core@https://registry.npmjs.org/@opentelemetry/core/-/core-2.8.0.tgz. Extracting by manifest.
1803 silly tarball no local data for @azure/core-rest-pipeline@https://registry.npmjs.org/@azure/core-rest-pipeline/-/core-rest-pipeline-1.16.3.tgz. Extracting by manifest.
1804 silly tarball no local data for @azure/core-auth@https://registry.npmjs.org/@azure/core-auth/-/core-auth-1.7.2.tgz. Extracting by manifest.
1805 silly tarball no local data for zustand@https://registry.npmjs.org/zustand/-/zustand-4.5.7.tgz. Extracting by manifest.
1806 silly tarball no local data for uuid@https://registry.npmjs.org/uuid/-/uuid-9.0.1.tgz. Extracting by manifest.
1807 silly tarball no local data for ts-dedent@https://registry.npmjs.org/ts-dedent/-/ts-dedent-2.3.0.tgz. Extracting by manifest.
1808 silly tarball no local data for tough-cookie@https://registry.npmjs.org/tough-cookie/-/tough-cookie-4.1.4.tgz. Extracting by manifest.
1809 silly tarball no local data for tiny-invariant@https://registry.npmjs.org/tiny-invariant/-/tiny-invariant-1.3.3.tgz. Extracting by manifest.
1810 silly tarball no local data for simple-update-notifier@https://registry.npmjs.org/simple-update-notifier/-/simple-update-notifier-1.1.0.tgz. Extracting by manifest.
1811 silly tarball no local data for semver@https://registry.npmjs.org/semver/-/semver-7.0.0.tgz. Extracting by manifest.
1812 silly tarball no local data for semver@https://registry.npmjs.org/semver/-/semver-5.7.2.tgz. Extracting by manifest.
1813 silly tarball no local data for react-query@https://registry.npmjs.org/react-query/-/react-query-3.39.3.tgz. Extracting by manifest.
1814 silly tarball no local data for react-dom@https://registry.npmjs.org/react-dom/-/react-dom-17.0.2.tgz. Extracting by manifest.
1815 silly tarball no local data for use-zustand@https://registry.npmjs.org/use-zustand/-/use-zustand-0.0.1.tgz. Extracting by manifest.
1816 silly tarball no local data for react-devtools-core@https://registry.npmjs.org/react-devtools-core/-/react-devtools-core-4.28.5.tgz. Extracting by manifest.
1817 silly tarball no local data for radash@https://registry.npmjs.org/radash/-/radash-9.5.0.tgz. Extracting by manifest.
1818 silly tarball no local data for ora@https://registry.npmjs.org/ora/-/ora-6.3.1.tgz. Extracting by manifest.
1819 silly tarball no local data for ansi-regex@https://registry.npmjs.org/ansi-regex/-/ansi-regex-6.2.2.tgz. Extracting by manifest.
1820 silly tarball no local data for restore-cursor@https://registry.npmjs.org/restore-cursor/-/restore-cursor-4.0.0.tgz. Extracting by manifest.
1821 silly tarball no local data for strip-ansi@https://registry.npmjs.org/strip-ansi/-/strip-ansi-7.2.0.tgz. Extracting by manifest.
1822 silly tarball no local data for cli-cursor@https://registry.npmjs.org/cli-cursor/-/cli-cursor-4.0.0.tgz. Extracting by manifest.
1823 silly tarball no local data for marked-terminal@https://registry.npmjs.org/marked-terminal/-/marked-terminal-5.2.0.tgz. Extracting by manifest.
1824 silly tarball no local data for marked@https://registry.npmjs.org/marked/-/marked-4.3.0.tgz. Extracting by manifest.
1825 silly tarball no local data for ansi-escapes@https://registry.npmjs.org/ansi-escapes/-/ansi-escapes-6.2.1.tgz. Extracting by manifest.
1826 silly tarball no local data for inquirer@https://registry.npmjs.org/inquirer/-/inquirer-9.3.8.tgz. Extracting by manifest.
1827 silly tarball no local data for buffer@https://registry.npmjs.org/buffer/-/buffer-5.7.1.tgz. Extracting by manifest.
1828 silly tarball no local data for log-symbols@https://registry.npmjs.org/log-symbols/-/log-symbols-4.1.0.tgz. Extracting by manifest.
1829 silly tarball no local data for is-unicode-supported@https://registry.npmjs.org/is-unicode-supported/-/is-unicode-supported-0.1.0.tgz. Extracting by manifest.
1830 silly tarball no local data for is-interactive@https://registry.npmjs.org/is-interactive/-/is-interactive-1.0.0.tgz. Extracting by manifest.
1831 silly tarball no local data for chalk@https://registry.npmjs.org/chalk/-/chalk-4.1.2.tgz. Extracting by manifest.
1832 silly tarball no local data for bl@https://registry.npmjs.org/bl/-/bl-4.1.0.tgz. Extracting by manifest.
1833 silly tarball no local data for ora@https://registry.npmjs.org/ora/-/ora-5.4.1.tgz. Extracting by manifest.
1834 silly tarball no local data for ink-text-input@https://registry.npmjs.org/ink-text-input/-/ink-text-input-4.0.3.tgz. Extracting by manifest.
1835 silly tarball no local data for type-fest@https://registry.npmjs.org/type-fest/-/type-fest-0.15.1.tgz. Extracting by manifest.
1836 silly tarball no local data for chalk@https://registry.npmjs.org/chalk/-/chalk-4.1.2.tgz. Extracting by manifest.
1837 silly tarball no local data for ink-spinner@https://registry.npmjs.org/ink-spinner/-/ink-spinner-4.0.3.tgz. Extracting by manifest.
1838 silly tarball no local data for ink-select-input@https://registry.npmjs.org/ink-select-input/-/ink-select-input-4.2.2.tgz. Extracting by manifest.
1839 silly tarball no local data for ink-divider@https://registry.npmjs.org/ink-divider/-/ink-divider-3.0.0.tgz. Extracting by manifest.
1840 silly tarball no local data for react@https://registry.npmjs.org/react/-/react-17.0.2.tgz. Extracting by manifest.
1841 silly tarball no local data for ink@https://registry.npmjs.org/ink/-/ink-3.2.0.tgz. Extracting by manifest.
1842 silly tarball no local data for chalk@https://registry.npmjs.org/chalk/-/chalk-4.1.2.tgz. Extracting by manifest.
1843 silly tarball no local data for get-stream@https://registry.npmjs.org/get-stream/-/get-stream-6.0.1.tgz. Extracting by manifest.
1844 silly tarball no local data for commander@https://registry.npmjs.org/commander/-/commander-9.5.0.tgz. Extracting by manifest.
1845 silly tarball no local data for cli-highlight@https://registry.npmjs.org/cli-highlight/-/cli-highlight-2.1.11.tgz. Extracting by manifest.
1846 silly tarball no local data for chalk@https://registry.npmjs.org/chalk/-/chalk-4.1.2.tgz. Extracting by manifest.
1847 silly tarball no local data for chalk@https://registry.npmjs.org/chalk/-/chalk-5.6.2.tgz. Extracting by manifest.
1848 silly tarball no local data for axios@https://registry.npmjs.org/axios/-/axios-1.18.0.tgz. Extracting by manifest.
1849 silly tarball no local data for agent-base@https://registry.npmjs.org/agent-base/-/agent-base-6.0.2.tgz. Extracting by manifest.
1850 silly tarball no local data for https-proxy-agent@https://registry.npmjs.org/https-proxy-agent/-/https-proxy-agent-5.0.1.tgz. Extracting by manifest.
1851 silly tarball no local data for applicationinsights@https://registry.npmjs.org/applicationinsights/-/applicationinsights-2.9.8.tgz. Extracting by manifest.
1852 silly tarball no local data for immer@https://registry.npmjs.org/immer/-/immer-9.0.21.tgz. Extracting by manifest.
1853 http fetch GET 200 https://registry.npmjs.org/y18n/-/y18n-5.0.8.tgz 1683ms (cache miss)
1854 http fetch GET 200 https://registry.npmjs.org/escalade/-/escalade-3.2.0.tgz 1694ms (cache miss)
1855 http fetch GET 200 https://registry.npmjs.org/require-directory/-/require-directory-2.1.1.tgz 1754ms (cache miss)
1856 http fetch GET 200 https://registry.npmjs.org/@types/yoga-layout/-/yoga-layout-1.9.2.tgz 1808ms (cache miss)
1857 http fetch GET 200 https://registry.npmjs.org/wrap-ansi/-/wrap-ansi-7.0.0.tgz 1824ms (cache miss)
1858 http fetch GET 200 https://registry.npmjs.org/punycode/-/punycode-2.3.1.tgz 1884ms (cache miss)
1859 http fetch GET 200 https://registry.npmjs.org/use-sync-external-store/-/use-sync-external-store-1.6.0.tgz 1993ms (cache miss)
1860 http fetch GET 200 https://registry.npmjs.org/has-flag/-/has-flag-4.0.0.tgz 1961ms (cache miss)
1861 http fetch GET 200 https://registry.npmjs.org/supports-color/-/supports-color-7.2.0.tgz 1964ms (cache miss)
1862 http fetch GET 200 https://registry.npmjs.org/thenify/-/thenify-3.3.1.tgz 1967ms (cache miss)
1863 http fetch GET 200 https://registry.npmjs.org/ansi-regex/-/ansi-regex-5.0.1.tgz 1963ms (cache miss)
1864 http fetch GET 200 https://registry.npmjs.org/util-deprecate/-/util-deprecate-1.0.2.tgz 2051ms (cache miss)
1865 http fetch GET 200 https://registry.npmjs.org/emoji-regex/-/emoji-regex-8.0.0.tgz 2184ms (cache miss)
1866 http fetch GET 200 https://registry.npmjs.org/string_decoder/-/string_decoder-1.3.0.tgz 2180ms (cache miss)
1867 http fetch GET 200 https://registry.npmjs.org/safe-buffer/-/safe-buffer-5.2.1.tgz 2185ms (cache miss)
1868 http fetch GET 200 https://registry.npmjs.org/base64-js/-/base64-js-1.5.1.tgz 2180ms (cache miss)
1869 http fetch GET 200 https://registry.npmjs.org/ieee754/-/ieee754-1.2.1.tgz 2260ms (cache miss)
1870 http fetch GET 200 https://registry.npmjs.org/buffer/-/buffer-6.0.3.tgz 2256ms (cache miss)
1871 http fetch GET 200 https://registry.npmjs.org/color-convert/-/color-convert-2.0.1.tgz 2253ms (cache miss)
1872 http fetch GET 200 https://registry.npmjs.org/is-fullwidth-code-point/-/is-fullwidth-code-point-3.0.0.tgz 2252ms (cache miss)
1873 http fetch GET 200 https://registry.npmjs.org/color-name/-/color-name-1.1.4.tgz 2255ms (cache miss)
1874 http fetch GET 200 https://registry.npmjs.org/astral-regex/-/astral-regex-2.0.0.tgz 2323ms (cache miss)
1875 http fetch GET 200 https://registry.npmjs.org/ansi-styles/-/ansi-styles-4.3.0.tgz 2322ms (cache miss)
1876 http fetch GET 200 https://registry.npmjs.org/requires-port/-/requires-port-1.0.0.tgz 2450ms (cache miss)
1877 http fetch GET 200 https://registry.npmjs.org/defaults/-/defaults-1.0.4.tgz 2449ms (cache miss)
1878 http fetch GET 200 https://registry.npmjs.org/brace-expansion/-/brace-expansion-1.1.15.tgz 2408ms (cache miss)
1879 http fetch GET 200 https://registry.npmjs.org/concat-map/-/concat-map-0.0.1.tgz 2472ms (cache miss)
1880 http fetch GET 200 https://registry.npmjs.org/querystringify/-/querystringify-2.2.0.tgz 2514ms (cache miss)
1881 http fetch GET 200 https://registry.npmjs.org/path-is-absolute/-/path-is-absolute-1.0.1.tgz 2470ms (cache miss)
1882 http fetch GET 200 https://registry.npmjs.org/glob/-/glob-7.2.3.tgz 2463ms (cache miss)
1883 warn deprecated glob@7.2.3: Old versions of glob are not supported, and contain widely publicized security vulnerabilities, which have been fixed in the current version. Please update. Support for old versions may be purchased (at exorbitant rates) by contacting i@izs.me
1884 http fetch GET 200 https://registry.npmjs.org/remove-accents/-/remove-accents-0.5.0.tgz 2462ms (cache miss)
1885 http fetch GET 200 https://registry.npmjs.org/get-caller-file/-/get-caller-file-2.0.5.tgz 2610ms (cache miss)
1886 http fetch GET 200 https://registry.npmjs.org/universalify/-/universalify-0.2.0.tgz 2600ms (cache miss)
1887 http fetch GET 200 https://registry.npmjs.org/clone/-/clone-1.0.4.tgz 2609ms (cache miss)
1888 http fetch GET 200 https://registry.npmjs.org/balanced-match/-/balanced-match-1.0.2.tgz 2565ms (cache miss)
1889 http fetch GET 200 https://registry.npmjs.org/inflight/-/inflight-1.0.6.tgz 2643ms (cache miss)
1890 warn deprecated inflight@1.0.6: This module is not supported, and leaks memory. Do not use it. Check out lru-cache if you want a good and tested way to coalesce async requests by a key value, which is much more comprehensive and powerful.
1891 http fetch GET 200 https://registry.npmjs.org/fs.realpath/-/fs.realpath-1.0.0.tgz 2647ms (cache miss)
1892 http fetch GET 200 https://registry.npmjs.org/mimic-fn/-/mimic-fn-2.1.0.tgz 2645ms (cache miss)
1893 http fetch GET 200 https://registry.npmjs.org/onetime/-/onetime-5.1.2.tgz 2640ms (cache miss)
1894 http fetch GET 200 https://registry.npmjs.org/microseconds/-/microseconds-0.2.0.tgz 2634ms (cache miss)
1895 http fetch GET 200 https://registry.npmjs.org/wcwidth/-/wcwidth-1.0.1.tgz 2610ms (cache miss)
1896 http fetch GET 200 https://registry.npmjs.org/log-symbols/-/log-symbols-5.1.0.tgz 2609ms (cache miss)
1897 http fetch GET 200 https://registry.npmjs.org/nano-time/-/nano-time-1.0.0.tgz 2722ms (cache miss)
1898 http fetch GET 200 https://registry.npmjs.org/detect-node/-/detect-node-2.1.0.tgz 2710ms (cache miss)
1899 http fetch GET 200 https://registry.npmjs.org/any-promise/-/any-promise-1.3.0.tgz 2687ms (cache miss)
1900 http fetch GET 200 https://registry.npmjs.org/@colors/colors/-/colors-1.5.0.tgz 2686ms (cache miss)
1901 http fetch GET 200 https://registry.npmjs.org/js-tokens/-/js-tokens-4.0.0.tgz 2768ms (cache miss)
1902 http fetch GET 200 https://registry.npmjs.org/stdin-discarder/-/stdin-discarder-0.1.0.tgz 2767ms (cache miss)
1903 http fetch GET 200 https://registry.npmjs.org/loose-envify/-/loose-envify-1.4.0.tgz 2763ms (cache miss)
1904 http fetch GET 200 https://registry.npmjs.org/is-unicode-supported/-/is-unicode-supported-1.3.0.tgz 2762ms (cache miss)
1905 http fetch GET 200 https://registry.npmjs.org/cliui/-/cliui-7.0.4.tgz 2903ms (cache miss)
1906 http fetch GET 200 https://registry.npmjs.org/rimraf/-/rimraf-3.0.2.tgz 2835ms (cache miss)
1907 warn deprecated rimraf@3.0.2: Rimraf versions prior to v4 are no longer supported
1908 http fetch GET 200 https://registry.npmjs.org/thenify-all/-/thenify-all-1.6.0.tgz 2799ms (cache miss)
1909 http fetch GET 200 https://registry.npmjs.org/object-assign/-/object-assign-4.1.1.tgz 2799ms (cache miss)
1910 http fetch GET 200 https://registry.npmjs.org/mute-stream/-/mute-stream-1.0.0.tgz 2775ms (cache miss)
1911 http fetch GET 200 https://registry.npmjs.org/cli-width/-/cli-width-4.1.0.tgz 2775ms (cache miss)
1912 http fetch GET 200 https://registry.npmjs.org/ansicolors/-/ansicolors-0.3.2.tgz 2847ms (cache miss)
1913 http fetch GET 200 https://registry.npmjs.org/supports-hyperlinks/-/supports-hyperlinks-2.3.0.tgz 2847ms (cache miss)
1914 http fetch GET 200 https://registry.npmjs.org/strip-ansi/-/strip-ansi-6.0.1.tgz 2835ms (cache miss)
1915 http fetch GET 200 https://registry.npmjs.org/cli-spinners/-/cli-spinners-2.9.2.tgz 2826ms (cache miss)
1916 http fetch GET 200 https://registry.npmjs.org/convert-to-spaces/-/convert-to-spaces-1.0.2.tgz 2819ms (cache miss)
1917 http fetch GET 200 https://registry.npmjs.org/react-is/-/react-is-16.13.1.tgz 2949ms (cache miss)
1918 http fetch GET 200 https://registry.npmjs.org/is-interactive/-/is-interactive-2.0.0.tgz 2939ms (cache miss)
1919 http fetch GET 200 https://registry.npmjs.org/mime-db/-/mime-db-1.52.0.tgz 2934ms (cache miss)
1920 http fetch GET 200 https://registry.npmjs.org/run-async/-/run-async-3.0.0.tgz 2913ms (cache miss)
1921 http fetch GET 200 https://registry.npmjs.org/lodash.isequal/-/lodash.isequal-4.5.0.tgz 2902ms (cache miss)
1922 warn deprecated lodash.isequal@4.5.0: This package is deprecated. Use require('node:util').isDeepStrictEqual instead.
1923 http fetch GET 200 https://registry.npmjs.org/arr-rotate/-/arr-rotate-1.0.0.tgz 2905ms (cache miss)
1924 http fetch GET 200 https://registry.npmjs.org/widest-line/-/widest-line-3.1.0.tgz 2894ms (cache miss)
1925 http fetch GET 200 https://registry.npmjs.org/string-width/-/string-width-4.2.3.tgz 2892ms (cache miss)
1926 http fetch GET 200 https://registry.npmjs.org/minimatch/-/minimatch-3.1.5.tgz 3065ms (cache miss)
1927 http fetch GET 200 https://registry.npmjs.org/escape-string-regexp/-/escape-string-regexp-1.0.5.tgz 2973ms (cache miss)
1928 http fetch GET 200 https://registry.npmjs.org/restore-cursor/-/restore-cursor-3.1.0.tgz 2965ms (cache miss)
1929 http fetch GET 200 https://registry.npmjs.org/escape-string-regexp/-/escape-string-regexp-2.0.0.tgz 2954ms (cache miss)
1930 http fetch GET 200 https://registry.npmjs.org/stack-utils/-/stack-utils-2.0.6.tgz 2959ms (cache miss)
1931 http fetch GET 200 https://registry.npmjs.org/patch-console/-/patch-console-1.0.0.tgz 2949ms (cache miss)
1932 http fetch GET 200 https://registry.npmjs.org/ci-info/-/ci-info-2.0.0.tgz 3063ms (cache miss)
1933 http fetch GET 200 https://registry.npmjs.org/figures/-/figures-3.2.0.tgz 3040ms (cache miss)
1934 http fetch GET 200 https://registry.npmjs.org/signal-exit/-/signal-exit-3.0.7.tgz 3020ms (cache miss)
1935 http fetch GET 200 https://registry.npmjs.org/indent-string/-/indent-string-4.0.0.tgz 3010ms (cache miss)
1936 http fetch GET 200 https://registry.npmjs.org/cli-cursor/-/cli-cursor-3.1.0.tgz 3010ms (cache miss)
1937 http fetch GET 200 https://registry.npmjs.org/cli-boxes/-/cli-boxes-2.2.1.tgz 3009ms (cache miss)
1938 http fetch GET 200 https://registry.npmjs.org/wrap-ansi/-/wrap-ansi-6.2.0.tgz 3094ms (cache miss)
1939 http fetch GET 200 https://registry.npmjs.org/module-details-from-path/-/module-details-from-path-1.0.4.tgz 3061ms (cache miss)
1940 http fetch GET 200 https://registry.npmjs.org/agent-base/-/agent-base-7.1.4.tgz 3056ms (cache miss)
1941 http fetch GET 200 https://registry.npmjs.org/acorn-import-attributes/-/acorn-import-attributes-1.9.5.tgz 3061ms (cache miss)
1942 http fetch GET 200 https://registry.npmjs.org/yoctocolors-cjs/-/yoctocolors-cjs-2.1.3.tgz 3197ms (cache miss)
1943 http fetch GET 200 https://registry.npmjs.org/auto-bind/-/auto-bind-4.0.0.tgz 3141ms (cache miss)
1944 http fetch GET 200 https://registry.npmjs.org/is-ci/-/is-ci-2.0.0.tgz 3152ms (cache miss)
1945 http fetch GET 200 https://registry.npmjs.org/cli-truncate/-/cli-truncate-2.1.0.tgz 3150ms (cache miss)
1946 http fetch GET 200 https://registry.npmjs.org/has-tostringtag/-/has-tostringtag-1.0.2.tgz 3133ms (cache miss)
1947 http fetch GET 200 https://registry.npmjs.org/hasown/-/hasown-2.0.4.tgz 3129ms (cache miss)
1948 http fetch GET 200 https://registry.npmjs.org/combined-stream/-/combined-stream-1.0.8.tgz 3127ms (cache miss)
1949 http fetch GET 200 https://registry.npmjs.org/slice-ansi/-/slice-ansi-3.0.0.tgz 3219ms (cache miss)
1950 http fetch GET 200 https://registry.npmjs.org/code-excerpt/-/code-excerpt-3.0.0.tgz 3356ms (cache miss)
1951 http fetch GET 200 https://registry.npmjs.org/parse5-htmlparser2-tree-adapter/-/parse5-htmlparser2-tree-adapter-6.0.1.tgz 3317ms (cache miss)
1952 http fetch GET 200 https://registry.npmjs.org/ansi-escapes/-/ansi-escapes-4.3.2.tgz 3413ms (cache miss)
1953 http fetch GET 200 https://registry.npmjs.org/mime-types/-/mime-types-2.1.35.tgz 3398ms (cache miss)
1954 http fetch GET 200 https://registry.npmjs.org/es-set-tostringtag/-/es-set-tostringtag-2.1.0.tgz 3397ms (cache miss)
1955 http fetch GET 200 https://registry.npmjs.org/delayed-stream/-/delayed-stream-1.0.0.tgz 3403ms (cache miss)
1956 http fetch GET 200 https://registry.npmjs.org/emitter-listener/-/emitter-listener-1.1.2.tgz 3389ms (cache miss)
1957 http fetch GET 200 https://registry.npmjs.org/follow-redirects/-/follow-redirects-1.16.0.tgz 3377ms (cache miss)
1958 http fetch GET 200 https://registry.npmjs.org/require-in-the-middle/-/require-in-the-middle-8.0.1.tgz 3373ms (cache miss)
1959 http fetch GET 200 https://registry.npmjs.org/mz/-/mz-2.7.0.tgz 3449ms (cache miss)
1960 http fetch GET 200 https://registry.npmjs.org/proxy-from-env/-/proxy-from-env-2.1.0.tgz 3493ms (cache miss)
1961 http fetch GET 200 https://registry.npmjs.org/@azure/logger/-/logger-1.3.0.tgz 3471ms (cache miss)
1962 http fetch GET 200 https://registry.npmjs.org/bl/-/bl-5.1.0.tgz 3755ms (cache miss)
1963 http fetch GET 200 https://registry.npmjs.org/es-object-atoms/-/es-object-atoms-1.1.2.tgz 3590ms (cache miss)
1964 http fetch GET 200 https://registry.npmjs.org/cjs-module-lexer/-/cjs-module-lexer-2.2.0.tgz 3598ms (cache miss)
1965 http fetch GET 200 https://registry.npmjs.org/https-proxy-agent/-/https-proxy-agent-7.0.6.tgz 3543ms (cache miss)
1966 http fetch GET 200 https://registry.npmjs.org/http-proxy-agent/-/http-proxy-agent-7.0.2.tgz 3542ms (cache miss)
1967 http fetch GET 200 https://registry.npmjs.org/diagnostic-channel/-/diagnostic-channel-1.1.1.tgz 3534ms (cache miss)
1968 http fetch GET 200 https://registry.npmjs.org/@azure/abort-controller/-/abort-controller-2.1.2.tgz 3538ms (cache miss)
1969 http fetch GET 200 https://registry.npmjs.org/esprima/-/esprima-4.0.1.tgz 3766ms (cache miss)
1970 http fetch GET 200 https://registry.npmjs.org/cli-table3/-/cli-table3-0.6.5.tgz 3704ms (cache miss)
1971 http fetch GET 200 https://registry.npmjs.org/cls-hooked/-/cls-hooked-4.2.2.tgz 3566ms (cache miss)
1972 http fetch GET 200 https://registry.npmjs.org/js-sha3/-/js-sha3-0.8.0.tgz 3785ms (cache miss)
1973 http fetch GET 200 https://registry.npmjs.org/shimmer/-/shimmer-1.2.1.tgz 3658ms (cache miss)
1974 http fetch GET 200 https://registry.npmjs.org/yargs-parser/-/yargs-parser-20.2.9.tgz 3983ms (cache miss)
1975 http fetch GET 200 https://registry.npmjs.org/@microsoft/applicationinsights-web-snippet/-/applicationinsights-web-snippet-1.0.1.tgz 3698ms (cache miss)
1976 http fetch GET 200 https://registry.npmjs.org/ts-dedent/-/ts-dedent-2.3.0.tgz 3690ms (cache miss)
1977 http fetch GET 200 https://registry.npmjs.org/shell-quote/-/shell-quote-1.8.4.tgz 3908ms (cache miss)
1978 http fetch GET 200 https://registry.npmjs.org/url-parse/-/url-parse-1.5.10.tgz 4017ms (cache miss)
1979 http fetch GET 200 https://registry.npmjs.org/@inquirer/figures/-/figures-1.0.15.tgz 3901ms (cache miss)
1980 http fetch GET 200 https://registry.npmjs.org/semver/-/semver-5.7.2.tgz 3747ms (cache miss)
1981 http fetch GET 200 https://registry.npmjs.org/use-zustand/-/use-zustand-0.0.1.tgz 3745ms (cache miss)
1982 http fetch GET 200 https://registry.npmjs.org/cli-cursor/-/cli-cursor-4.0.0.tgz 3752ms (cache miss)
1983 http fetch GET 200 https://registry.npmjs.org/marked-terminal/-/marked-terminal-5.2.0.tgz 3752ms (cache miss)
1984 http fetch GET 200 https://registry.npmjs.org/strip-ansi/-/strip-ansi-7.2.0.tgz 3756ms (cache miss)
1985 http fetch GET 200 https://registry.npmjs.org/ansi-regex/-/ansi-regex-6.2.2.tgz 3759ms (cache miss)
1986 http fetch GET 200 https://registry.npmjs.org/ora/-/ora-6.3.1.tgz 3782ms (cache miss)
1987 http fetch GET 200 https://registry.npmjs.org/log-symbols/-/log-symbols-4.1.0.tgz 3768ms (cache miss)
1988 http fetch GET 200 https://registry.npmjs.org/ansi-escapes/-/ansi-escapes-6.2.1.tgz 3774ms (cache miss)
1989 http fetch GET 200 https://registry.npmjs.org/is-interactive/-/is-interactive-1.0.0.tgz 3767ms (cache miss)
1990 http fetch GET 200 https://registry.npmjs.org/buffer/-/buffer-5.7.1.tgz 3791ms (cache miss)
1991 http fetch GET 200 https://registry.npmjs.org/match-sorter/-/match-sorter-6.3.4.tgz 4038ms (cache miss)
1992 http fetch GET 200 https://registry.npmjs.org/is-unicode-supported/-/is-unicode-supported-0.1.0.tgz 3807ms (cache miss)
1993 http fetch GET 200 https://registry.npmjs.org/ink-spinner/-/ink-spinner-4.0.3.tgz 3796ms (cache miss)
1994 http fetch GET 200 https://registry.npmjs.org/ink-select-input/-/ink-select-input-4.2.2.tgz 3797ms (cache miss)
1995 http fetch GET 200 https://registry.npmjs.org/ink-divider/-/ink-divider-3.0.0.tgz 3796ms (cache miss)
1996 warn deprecated ink-divider@3.0.0: This version is outdated, upgrade to version 4.0.0 or higher to get better typing and new useful features (including automatic stretching of the Divider to the full width of the container)
1997 http fetch GET 200 https://registry.npmjs.org/restore-cursor/-/restore-cursor-4.0.0.tgz 3832ms (cache miss)
1998 http fetch GET 200 https://registry.npmjs.org/oblivious-set/-/oblivious-set-1.0.0.tgz 4084ms (cache miss)
1999 http fetch GET 200 https://registry.npmjs.org/ora/-/ora-5.4.1.tgz 3833ms (cache miss)
2000 http fetch GET 200 https://registry.npmjs.org/chalk/-/chalk-4.1.2.tgz 3837ms (cache miss)
2001 http fetch GET 200 https://registry.npmjs.org/get-stream/-/get-stream-6.0.1.tgz 3821ms (cache miss)
2002 http fetch GET 200 https://registry.npmjs.org/cli-highlight/-/cli-highlight-2.1.11.tgz 3820ms (cache miss)
2003 http fetch GET 200 https://registry.npmjs.org/form-data/-/form-data-4.0.6.tgz 3935ms (cache miss)
2004 http fetch GET 200 https://registry.npmjs.org/big-integer/-/big-integer-1.6.52.tgz 4149ms (cache miss)
2005 http fetch GET 200 https://registry.npmjs.org/import-in-the-middle/-/import-in-the-middle-2.0.6.tgz 3970ms (cache miss)
2006 http fetch GET 200 https://registry.npmjs.org/chalk/-/chalk-4.1.2.tgz 3879ms (cache miss)
2007 http fetch GET 200 https://registry.npmjs.org/chalk/-/chalk-4.1.2.tgz 3870ms (cache miss)
2008 http fetch GET 200 https://registry.npmjs.org/chalk/-/chalk-4.1.2.tgz 3865ms (cache miss)
2009 http fetch GET 200 https://registry.npmjs.org/ink-text-input/-/ink-text-input-4.0.3.tgz 3886ms (cache miss)
2010 http fetch GET 200 https://registry.npmjs.org/bl/-/bl-4.1.0.tgz 4017ms (cache miss)
2011 http fetch GET 200 https://registry.npmjs.org/prop-types/-/prop-types-15.8.1.tgz 4216ms (cache miss)
2012 http fetch GET 200 https://registry.npmjs.org/asynckit/-/asynckit-0.4.0.tgz 4239ms (cache miss)
2013 http fetch GET 200 https://registry.npmjs.org/unload/-/unload-2.2.0.tgz 4400ms (cache miss)
2014 http fetch GET 200 https://registry.npmjs.org/tiny-invariant/-/tiny-invariant-1.3.3.tgz 4196ms (cache miss)
2015 http fetch GET 200 https://registry.npmjs.org/https-proxy-agent/-/https-proxy-agent-5.0.1.tgz 4159ms (cache miss)
2016 http fetch GET 200 https://registry.npmjs.org/tough-cookie/-/tough-cookie-4.1.4.tgz 4239ms (cache miss)
2017 http fetch GET 200 https://registry.npmjs.org/simple-update-notifier/-/simple-update-notifier-1.1.0.tgz 4248ms (cache miss)
2018 http fetch GET 200 https://registry.npmjs.org/commander/-/commander-9.5.0.tgz 4216ms (cache miss)
2019 http fetch GET 200 https://registry.npmjs.org/node-emoji/-/node-emoji-1.11.0.tgz 4456ms (cache miss)
2020 http fetch GET 200 https://registry.npmjs.org/agent-base/-/agent-base-6.0.2.tgz 4246ms (cache miss)
2021 http fetch GET 200 https://registry.npmjs.org/acorn/-/acorn-8.17.0.tgz 4413ms (cache miss)
2022 http fetch GET 200 https://registry.npmjs.org/psl/-/psl-1.15.0.tgz 4639ms (cache miss)
2023 http fetch GET 200 https://registry.npmjs.org/scheduler/-/scheduler-0.20.2.tgz 4541ms (cache miss)
2024 http fetch GET 200 https://registry.npmjs.org/ws/-/ws-7.5.11.tgz 4567ms (cache miss)
2025 http fetch GET 200 https://registry.npmjs.org/type-fest/-/type-fest-0.12.0.tgz 4611ms (cache miss)
2026 http fetch GET 200 https://registry.npmjs.org/chalk/-/chalk-5.6.2.tgz 4424ms (cache miss)
2027 http fetch GET 200 https://registry.npmjs.org/yoga-layout-prebuilt/-/yoga-layout-prebuilt-1.10.0.tgz 4637ms (cache miss)
2028 http fetch GET 200 https://registry.npmjs.org/react/-/react-17.0.2.tgz 4483ms (cache miss)
2029 http fetch GET 200 https://registry.npmjs.org/continuation-local-storage/-/continuation-local-storage-3.2.1.tgz 4590ms (cache miss)
2030 http fetch GET 200 https://registry.npmjs.org/readable-stream/-/readable-stream-3.6.2.tgz 4875ms (cache miss)
2031 http fetch GET 200 https://registry.npmjs.org/stack-chain/-/stack-chain-1.3.7.tgz 4686ms (cache miss)
2032 http fetch GET 200 https://registry.npmjs.org/redeyed/-/redeyed-2.1.1.tgz 4798ms (cache miss)
2033 http fetch GET 200 https://registry.npmjs.org/marked/-/marked-4.3.0.tgz 4726ms (cache miss)
2034 http fetch GET 200 https://registry.npmjs.org/react-reconciler/-/react-reconciler-0.26.2.tgz 4936ms (cache miss)
2035 http fetch GET 200 https://registry.npmjs.org/type-fest/-/type-fest-0.15.1.tgz 4807ms (cache miss)
2036 http fetch GET 200 https://registry.npmjs.org/cardinal/-/cardinal-2.1.1.tgz 5103ms (cache miss)
2037 http fetch GET 200 https://registry.npmjs.org/async-listener/-/async-listener-0.6.10.tgz 5125ms (cache miss)
2038 http fetch GET 200 https://registry.npmjs.org/diagnostic-channel-publishers/-/diagnostic-channel-publishers-1.0.8.tgz 5080ms (cache miss)
2039 http fetch GET 200 https://registry.npmjs.org/inquirer/-/inquirer-9.3.8.tgz 5051ms (cache miss)
2040 http fetch GET 200 https://registry.npmjs.org/@inquirer/external-editor/-/external-editor-1.0.3.tgz 5253ms (cache miss)
2041 http fetch GET 200 https://registry.npmjs.org/semver/-/semver-7.0.0.tgz 5144ms (cache miss)
2042 http fetch GET 200 https://registry.npmjs.org/type-fest/-/type-fest-0.21.3.tgz 5291ms (cache miss)
2043 http fetch GET 200 https://registry.npmjs.org/async-hook-jl/-/async-hook-jl-1.7.6.tgz 5262ms (cache miss)
2044 http fetch GET 200 https://registry.npmjs.org/parse5/-/parse5-6.0.1.tgz 5280ms (cache miss)
2045 http fetch GET 200 https://registry.npmjs.org/chardet/-/chardet-2.1.1.tgz 5436ms (cache miss)
2046 http fetch GET 200 https://registry.npmjs.org/semver/-/semver-7.8.4.tgz 5307ms (cache miss)
2047 http fetch GET 200 https://registry.npmjs.org/parse5/-/parse5-5.1.1.tgz 5352ms (cache miss)
2048 http fetch GET 200 https://registry.npmjs.org/radash/-/radash-9.5.0.tgz 5615ms (cache miss)
2049 http fetch GET 200 https://registry.npmjs.org/yargs/-/yargs-16.2.0.tgz 5710ms (cache miss)
2050 http fetch GET 200 https://registry.npmjs.org/broadcast-channel/-/broadcast-channel-3.7.0.tgz 6045ms (cache miss)
2051 http fetch GET 200 https://registry.npmjs.org/@githubnext/github-copilot-cli/-/github-copilot-cli-0.1.36.tgz 5997ms (cache miss)
2052 warn deprecated @githubnext/github-copilot-cli@0.1.36: Package no longer supported. Contact Support at https://www.npmjs.com/support for more info.
2053 http fetch GET 200 https://registry.npmjs.org/react-dom/-/react-dom-17.0.2.tgz 5880ms (cache miss)
2054 http fetch GET 200 https://registry.npmjs.org/uuid/-/uuid-9.0.1.tgz 6085ms (cache miss)
2055 warn deprecated uuid@9.0.1: uuid@10 and below is no longer supported.  For ESM codebases, update to uuid@latest.  For CommonJS codebases, use uuid@11 (but be aware this version will likely be deprecated in 2028).
2056 http fetch GET 200 https://registry.npmjs.org/immer/-/immer-9.0.21.tgz 7045ms (cache miss)
2057 http fetch GET 200 https://registry.npmjs.org/@opentelemetry/sdk-trace-web/-/sdk-trace-web-2.8.0.tgz 7232ms (cache miss)
2058 http fetch GET 200 https://registry.npmjs.org/@azure/core-util/-/core-util-1.13.1.tgz 7258ms (cache miss)
2059 http fetch GET 200 https://registry.npmjs.org/@azure/core-tracing/-/core-tracing-1.3.1.tgz 7266ms (cache miss)
2060 http fetch GET 200 https://registry.npmjs.org/ink/-/ink-3.2.0.tgz 7566ms (cache miss)
2061 http fetch GET 200 https://registry.npmjs.org/zustand/-/zustand-4.5.7.tgz 7708ms (cache miss)
2062 http fetch GET 200 https://registry.npmjs.org/axios/-/axios-1.18.0.tgz 7673ms (cache miss)
2063 http fetch GET 200 https://registry.npmjs.org/@azure/core-auth/-/core-auth-1.7.2.tgz 7943ms (cache miss)
2064 http fetch GET 200 https://registry.npmjs.org/@azure/opentelemetry-instrumentation-azure-sdk/-/opentelemetry-instrumentation-azure-sdk-1.0.0.tgz 7954ms (cache miss)
2065 http fetch GET 200 https://registry.npmjs.org/@opentelemetry/api-logs/-/api-logs-0.211.0.tgz 8291ms (cache miss)
2066 http fetch GET 200 https://registry.npmjs.org/@babel/runtime/-/runtime-7.29.7.tgz 9248ms (cache miss)
2067 http fetch GET 200 https://registry.npmjs.org/@opentelemetry/semantic-conventions/-/semantic-conventions-1.28.0.tgz 9139ms (cache miss)
2068 http fetch GET 200 https://registry.npmjs.org/@opentelemetry/semantic-conventions/-/semantic-conventions-1.28.0.tgz 9181ms (cache miss)
2069 http fetch GET 200 https://registry.npmjs.org/@opentelemetry/semantic-conventions/-/semantic-conventions-1.28.0.tgz 9241ms (cache miss)
2070 http fetch GET 200 https://registry.npmjs.org/react-query/-/react-query-3.39.3.tgz 9240ms (cache miss)
2071 http fetch GET 200 https://registry.npmjs.org/react-devtools-core/-/react-devtools-core-4.28.5.tgz 10289ms (cache miss)
2072 http fetch GET 200 https://registry.npmjs.org/@opentelemetry/instrumentation/-/instrumentation-0.211.0.tgz 10479ms (cache miss)
2073 http fetch GET 200 https://registry.npmjs.org/@opentelemetry/semantic-conventions/-/semantic-conventions-1.41.1.tgz 10710ms (cache miss)
2074 http fetch GET 200 https://registry.npmjs.org/highlight.js/-/highlight.js-10.7.3.tgz 11110ms (cache miss)
2075 http fetch GET 200 https://registry.npmjs.org/@opentelemetry/sdk-trace-base/-/sdk-trace-base-1.30.1.tgz 11409ms (cache miss)
2076 http fetch GET 200 https://registry.npmjs.org/lodash/-/lodash-4.18.1.tgz 11537ms (cache miss)
2077 http fetch GET 200 https://registry.npmjs.org/@opentelemetry/sdk-trace-base/-/sdk-trace-base-2.8.0.tgz 11585ms (cache miss)
2078 http fetch GET 200 https://registry.npmjs.org/@opentelemetry/core/-/core-2.8.0.tgz 11843ms (cache miss)
2079 http fetch GET 200 https://registry.npmjs.org/@opentelemetry/core/-/core-2.8.0.tgz 11813ms (cache miss)
2080 http fetch GET 200 https://registry.npmjs.org/applicationinsights/-/applicationinsights-2.9.8.tgz 11932ms (cache miss)
2081 http fetch GET 200 https://registry.npmjs.org/@opentelemetry/resources/-/resources-2.8.0.tgz 12098ms (cache miss)
2082 http fetch GET 200 https://registry.npmjs.org/@opentelemetry/core/-/core-1.30.1.tgz 12618ms (cache miss)
2083 http fetch GET 200 https://registry.npmjs.org/@opentelemetry/resources/-/resources-1.30.1.tgz 13076ms (cache miss)
2084 http fetch GET 200 https://registry.npmjs.org/@opentelemetry/api/-/api-1.9.1.tgz 13199ms (cache miss)
2085 http fetch GET 200 https://registry.npmjs.org/@azure/core-rest-pipeline/-/core-rest-pipeline-1.16.3.tgz 13479ms (cache miss)
2086 http fetch GET 200 https://registry.npmjs.org/@typespec/ts-http-runtime/-/ts-http-runtime-0.3.6.tgz 13774ms (cache miss)
2087 http fetch GET 200 https://registry.npmjs.org/rxjs/-/rxjs-7.8.2.tgz 15909ms (cache miss)
2088 silly ADD node_modules/@githubnext/github-copilot-cli
2089 silly ADD node_modules/@githubnext/github-copilot-cli/node_modules/use-sync-external-store
2090 silly ADD node_modules/@githubnext/github-copilot-cli/node_modules/@types/yoga-layout
2091 silly ADD node_modules/@githubnext/github-copilot-cli/node_modules/yargs-parser
2092 silly ADD node_modules/@githubnext/github-copilot-cli/node_modules/y18n
2093 silly ADD node_modules/@githubnext/github-copilot-cli/node_modules/require-directory
2094 silly ADD node_modules/@githubnext/github-copilot-cli/node_modules/get-caller-file
2095 silly ADD node_modules/@githubnext/github-copilot-cli/node_modules/escalade
2096 silly ADD node_modules/@githubnext/github-copilot-cli/node_modules/cliui
2097 silly ADD node_modules/@githubnext/github-copilot-cli/node_modules/cliui/node_modules/wrap-ansi
2098 silly ADD node_modules/@githubnext/github-copilot-cli/node_modules/clone
2099 silly ADD node_modules/@githubnext/github-copilot-cli/node_modules/defaults
2100 silly ADD node_modules/@githubnext/github-copilot-cli/node_modules/requires-port
2101 silly ADD node_modules/@githubnext/github-copilot-cli/node_modules/querystringify
2102 silly ADD node_modules/@githubnext/github-copilot-cli/node_modules/url-parse
2103 silly ADD node_modules/@githubnext/github-copilot-cli/node_modules/universalify
2104 silly ADD node_modules/@githubnext/github-copilot-cli/node_modules/punycode
2105 silly ADD node_modules/@githubnext/github-copilot-cli/node_modules/psl
2106 silly ADD node_modules/@githubnext/github-copilot-cli/node_modules/thenify
2107 silly ADD node_modules/@githubnext/github-copilot-cli/node_modules/supports-color
2108 silly ADD node_modules/@githubnext/github-copilot-cli/node_modules/has-flag
2109 silly ADD node_modules/@githubnext/github-copilot-cli/node_modules/ansi-regex
2110 silly ADD node_modules/@githubnext/github-copilot-cli/node_modules/emoji-regex
2111 silly ADD node_modules/@githubnext/github-copilot-cli/node_modules/safe-buffer
2112 silly ADD node_modules/@githubnext/github-copilot-cli/node_modules/util-deprecate
2113 silly ADD node_modules/@githubnext/github-copilot-cli/node_modules/string_decoder
2114 silly ADD node_modules/@githubnext/github-copilot-cli/node_modules/ieee754
2115 silly ADD node_modules/@githubnext/github-copilot-cli/node_modules/base64-js
2116 silly ADD node_modules/@githubnext/github-copilot-cli/node_modules/readable-stream
2117 silly ADD node_modules/@githubnext/github-copilot-cli/node_modules/buffer
2118 silly ADD node_modules/@githubnext/github-copilot-cli/node_modules/bl
2119 silly ADD node_modules/@githubnext/github-copilot-cli/node_modules/color-name
2120 silly ADD node_modules/@githubnext/github-copilot-cli/node_modules/color-convert
2121 silly ADD node_modules/@githubnext/github-copilot-cli/node_modules/is-fullwidth-code-point
2122 silly ADD node_modules/@githubnext/github-copilot-cli/node_modules/astral-regex
2123 silly ADD node_modules/@githubnext/github-copilot-cli/node_modules/ansi-styles
2124 silly ADD node_modules/@githubnext/github-copilot-cli/node_modules/concat-map
2125 silly ADD node_modules/@githubnext/github-copilot-cli/node_modules/balanced-match
2126 silly ADD node_modules/@githubnext/github-copilot-cli/node_modules/brace-expansion
2127 silly ADD node_modules/@githubnext/github-copilot-cli/node_modules/wrappy
2128 silly ADD node_modules/@githubnext/github-copilot-cli/node_modules/path-is-absolute
2129 silly ADD node_modules/@githubnext/github-copilot-cli/node_modules/once
2130 silly ADD node_modules/@githubnext/github-copilot-cli/node_modules/minimatch
2131 silly ADD node_modules/@githubnext/github-copilot-cli/node_modules/inherits
2132 silly ADD node_modules/@githubnext/github-copilot-cli/node_modules/inflight
2133 silly ADD node_modules/@githubnext/github-copilot-cli/node_modules/fs.realpath
2134 silly ADD node_modules/@githubnext/github-copilot-cli/node_modules/glob
2135 silly ADD node_modules/@githubnext/github-copilot-cli/node_modules/mimic-fn
2136 silly ADD node_modules/@githubnext/github-copilot-cli/node_modules/onetime
2137 silly ADD node_modules/@githubnext/github-copilot-cli/node_modules/esprima
2138 silly ADD node_modules/@githubnext/github-copilot-cli/node_modules/big-integer
2139 silly ADD node_modules/@githubnext/github-copilot-cli/node_modules/remove-accents
2140 silly ADD node_modules/@githubnext/github-copilot-cli/node_modules/unload
2141 silly ADD node_modules/@githubnext/github-copilot-cli/node_modules/rimraf
2142 silly ADD node_modules/@githubnext/github-copilot-cli/node_modules/oblivious-set
2143 silly ADD node_modules/@githubnext/github-copilot-cli/node_modules/nano-time
2144 silly ADD node_modules/@githubnext/github-copilot-cli/node_modules/microseconds
2145 silly ADD node_modules/@githubnext/github-copilot-cli/node_modules/js-sha3
2146 silly ADD node_modules/@githubnext/github-copilot-cli/node_modules/detect-node
2147 silly ADD node_modules/@githubnext/github-copilot-cli/node_modules/match-sorter
2148 silly ADD node_modules/@githubnext/github-copilot-cli/node_modules/broadcast-channel
2149 silly ADD node_modules/@githubnext/github-copilot-cli/node_modules/@babel/runtime
2150 silly ADD node_modules/@githubnext/github-copilot-cli/node_modules/shell-quote
2151 silly ADD node_modules/@githubnext/github-copilot-cli/node_modules/js-tokens
2152 silly ADD node_modules/@githubnext/github-copilot-cli/node_modules/react-is
2153 silly ADD node_modules/@githubnext/github-copilot-cli/node_modules/loose-envify
2154 silly ADD node_modules/@githubnext/github-copilot-cli/node_modules/wcwidth
2155 silly ADD node_modules/@githubnext/github-copilot-cli/node_modules/stdin-discarder
2156 silly ADD node_modules/@githubnext/github-copilot-cli/node_modules/log-symbols
2157 silly ADD node_modules/@githubnext/github-copilot-cli/node_modules/is-unicode-supported
2158 silly ADD node_modules/@githubnext/github-copilot-cli/node_modules/is-interactive
2159 silly ADD node_modules/@githubnext/github-copilot-cli/node_modules/thenify-all
2160 silly ADD node_modules/@githubnext/github-copilot-cli/node_modules/object-assign
2161 silly ADD node_modules/@githubnext/github-copilot-cli/node_modules/any-promise
2162 silly ADD node_modules/@githubnext/github-copilot-cli/node_modules/mime-db
2163 silly ADD node_modules/@githubnext/github-copilot-cli/node_modules/@colors/colors
2164 silly ADD node_modules/@githubnext/github-copilot-cli/node_modules/redeyed
2165 silly ADD node_modules/@githubnext/github-copilot-cli/node_modules/ansicolors
2166 silly ADD node_modules/@githubnext/github-copilot-cli/node_modules/supports-hyperlinks
2167 silly ADD node_modules/@githubnext/github-copilot-cli/node_modules/node-emoji
2168 silly ADD node_modules/@githubnext/github-copilot-cli/node_modules/cli-table3
2169 silly ADD node_modules/@githubnext/github-copilot-cli/node_modules/cardinal
2170 silly ADD node_modules/@githubnext/github-copilot-cli/node_modules/ci-info
2171 silly ADD node_modules/@githubnext/github-copilot-cli/node_modules/safer-buffer
2172 silly ADD node_modules/@githubnext/github-copilot-cli/node_modules/iconv-lite
2173 silly ADD node_modules/@githubnext/github-copilot-cli/node_modules/chardet
2174 silly ADD node_modules/@githubnext/github-copilot-cli/node_modules/yoctocolors-cjs
2175 silly ADD node_modules/@githubnext/github-copilot-cli/node_modules/strip-ansi
2176 silly ADD node_modules/@githubnext/github-copilot-cli/node_modules/rxjs
2177 silly ADD node_modules/@githubnext/github-copilot-cli/node_modules/run-async
2178 silly ADD node_modules/@githubnext/github-copilot-cli/node_modules/mute-stream
2179 silly ADD node_modules/@githubnext/github-copilot-cli/node_modules/cli-width
2180 silly ADD node_modules/@githubnext/github-copilot-cli/node_modules/@inquirer/figures
2181 silly ADD node_modules/@githubnext/github-copilot-cli/node_modules/@inquirer/external-editor
2182 silly ADD node_modules/@githubnext/github-copilot-cli/node_modules/cli-spinners
2183 silly ADD node_modules/@githubnext/github-copilot-cli/node_modules/escape-string-regexp
2184 silly ADD node_modules/@githubnext/github-copilot-cli/node_modules/lodash.isequal
2185 silly ADD node_modules/@githubnext/github-copilot-cli/node_modules/figures
2186 silly ADD node_modules/@githubnext/github-copilot-cli/node_modules/arr-rotate
2187 silly ADD node_modules/@githubnext/github-copilot-cli/node_modules/prop-types
2188 silly ADD node_modules/@githubnext/github-copilot-cli/node_modules/convert-to-spaces
2189 silly ADD node_modules/@githubnext/github-copilot-cli/node_modules/restore-cursor
2190 silly ADD node_modules/@githubnext/github-copilot-cli/node_modules/yoga-layout-prebuilt
2191 silly ADD node_modules/@githubnext/github-copilot-cli/node_modules/ws
2192 silly ADD node_modules/@githubnext/github-copilot-cli/node_modules/wrap-ansi
2193 silly ADD node_modules/@githubnext/github-copilot-cli/node_modules/widest-line
2194 silly ADD node_modules/@githubnext/github-copilot-cli/node_modules/type-fest
2195 silly ADD node_modules/@githubnext/github-copilot-cli/node_modules/string-width
2196 silly ADD node_modules/@githubnext/github-copilot-cli/node_modules/stack-utils
2197 silly ADD node_modules/@githubnext/github-copilot-cli/node_modules/stack-utils/node_modules/escape-string-regexp
2198 silly ADD node_modules/@githubnext/github-copilot-cli/node_modules/slice-ansi
2199 silly ADD node_modules/@githubnext/github-copilot-cli/node_modules/signal-exit
2200 silly ADD node_modules/@githubnext/github-copilot-cli/node_modules/scheduler
2201 silly ADD node_modules/@githubnext/github-copilot-cli/node_modules/react-reconciler
2202 silly ADD node_modules/@githubnext/github-copilot-cli/node_modules/patch-console
2203 silly ADD node_modules/@githubnext/github-copilot-cli/node_modules/lodash
2204 silly ADD node_modules/@githubnext/github-copilot-cli/node_modules/is-ci
2205 silly ADD node_modules/@githubnext/github-copilot-cli/node_modules/indent-string
2206 silly ADD node_modules/@githubnext/github-copilot-cli/node_modules/code-excerpt
2207 silly ADD node_modules/@githubnext/github-copilot-cli/node_modules/cli-truncate
2208 silly ADD node_modules/@githubnext/github-copilot-cli/node_modules/cli-cursor
2209 silly ADD node_modules/@githubnext/github-copilot-cli/node_modules/cli-boxes
2210 silly ADD node_modules/@githubnext/github-copilot-cli/node_modules/auto-bind
2211 silly ADD node_modules/@githubnext/github-copilot-cli/node_modules/ansi-escapes
2212 silly ADD node_modules/@githubnext/github-copilot-cli/node_modules/ansi-escapes/node_modules/type-fest
2213 silly ADD node_modules/@githubnext/github-copilot-cli/node_modules/module-details-from-path
2214 silly ADD node_modules/@githubnext/github-copilot-cli/node_modules/cjs-module-lexer
2215 silly ADD node_modules/@githubnext/github-copilot-cli/node_modules/acorn-import-attributes
2216 silly ADD node_modules/@githubnext/github-copilot-cli/node_modules/acorn
2217 silly ADD node_modules/@githubnext/github-copilot-cli/node_modules/ms
2218 silly ADD node_modules/@githubnext/github-copilot-cli/node_modules/debug
2219 silly ADD node_modules/@githubnext/github-copilot-cli/node_modules/agent-base
2220 silly ADD node_modules/@githubnext/github-copilot-cli/node_modules/dunder-proto
2221 silly ADD node_modules/@githubnext/github-copilot-cli/node_modules/math-intrinsics
2222 silly ADD node_modules/@githubnext/github-copilot-cli/node_modules/has-symbols
2223 silly ADD node_modules/@githubnext/github-copilot-cli/node_modules/gopd
2224 silly ADD node_modules/@githubnext/github-copilot-cli/node_modules/get-proto
2225 silly ADD node_modules/@githubnext/github-copilot-cli/node_modules/function-bind
2226 silly ADD node_modules/@githubnext/github-copilot-cli/node_modules/es-object-atoms
2227 silly ADD node_modules/@githubnext/github-copilot-cli/node_modules/es-define-property
2228 silly ADD node_modules/@githubnext/github-copilot-cli/node_modules/call-bind-apply-helpers
2229 silly ADD node_modules/@githubnext/github-copilot-cli/node_modules/has-tostringtag
2230 silly ADD node_modules/@githubnext/github-copilot-cli/node_modules/get-intrinsic
2231 silly ADD node_modules/@githubnext/github-copilot-cli/node_modules/es-errors
2232 silly ADD node_modules/@githubnext/github-copilot-cli/node_modules/delayed-stream
2233 silly ADD node_modules/@githubnext/github-copilot-cli/node_modules/mime-types
2234 silly ADD node_modules/@githubnext/github-copilot-cli/node_modules/hasown
2235 silly ADD node_modules/@githubnext/github-copilot-cli/node_modules/es-set-tostringtag
2236 silly ADD node_modules/@githubnext/github-copilot-cli/node_modules/combined-stream
2237 silly ADD node_modules/@githubnext/github-copilot-cli/node_modules/asynckit
2238 silly ADD node_modules/@githubnext/github-copilot-cli/node_modules/shimmer
2239 silly ADD node_modules/@githubnext/github-copilot-cli/node_modules/async-listener
2240 silly ADD node_modules/@githubnext/github-copilot-cli/node_modules/stack-chain
2241 silly ADD node_modules/@githubnext/github-copilot-cli/node_modules/emitter-listener
2242 silly ADD node_modules/@githubnext/github-copilot-cli/node_modules/async-hook-jl
2243 silly ADD node_modules/@githubnext/github-copilot-cli/node_modules/yargs
2244 silly ADD node_modules/@githubnext/github-copilot-cli/node_modules/parse5-htmlparser2-tree-adapter
2245 silly ADD node_modules/@githubnext/github-copilot-cli/node_modules/parse5-htmlparser2-tree-adapter/node_modules/parse5
2246 silly ADD node_modules/@githubnext/github-copilot-cli/node_modules/parse5
2247 silly ADD node_modules/@githubnext/github-copilot-cli/node_modules/mz
2248 silly ADD node_modules/@githubnext/github-copilot-cli/node_modules/highlight.js
2249 silly ADD node_modules/@githubnext/github-copilot-cli/node_modules/proxy-from-env
2250 silly ADD node_modules/@githubnext/github-copilot-cli/node_modules/form-data
2251 silly ADD node_modules/@githubnext/github-copilot-cli/node_modules/follow-redirects
2252 silly ADD node_modules/@githubnext/github-copilot-cli/node_modules/@opentelemetry/resources
2253 silly ADD node_modules/@githubnext/github-copilot-cli/node_modules/@opentelemetry/resources/node_modules/@opentelemetry/semantic-conventions
2254 silly ADD node_modules/@githubnext/github-copilot-cli/node_modules/require-in-the-middle
2255 silly ADD node_modules/@githubnext/github-copilot-cli/node_modules/import-in-the-middle
2256 silly ADD node_modules/@githubnext/github-copilot-cli/node_modules/@opentelemetry/api-logs
2257 silly ADD node_modules/@githubnext/github-copilot-cli/node_modules/@opentelemetry/sdk-trace-web
2258 silly ADD node_modules/@githubnext/github-copilot-cli/node_modules/@opentelemetry/sdk-trace-web/node_modules/@opentelemetry/resources
2259 silly ADD node_modules/@githubnext/github-copilot-cli/node_modules/@opentelemetry/sdk-trace-web/node_modules/@opentelemetry/sdk-trace-base
2260 silly ADD node_modules/@githubnext/github-copilot-cli/node_modules/@opentelemetry/sdk-trace-web/node_modules/@opentelemetry/core
2261 silly ADD node_modules/@githubnext/github-copilot-cli/node_modules/@opentelemetry/instrumentation
2262 silly ADD node_modules/@githubnext/github-copilot-cli/node_modules/@typespec/ts-http-runtime
2263 silly ADD node_modules/@githubnext/github-copilot-cli/node_modules/https-proxy-agent
2264 silly ADD node_modules/@githubnext/github-copilot-cli/node_modules/http-proxy-agent
2265 silly ADD node_modules/@githubnext/github-copilot-cli/node_modules/@azure/logger
2266 silly ADD node_modules/@githubnext/github-copilot-cli/node_modules/@azure/core-tracing
2267 silly ADD node_modules/@githubnext/github-copilot-cli/node_modules/tslib
2268 silly ADD node_modules/@githubnext/github-copilot-cli/node_modules/@azure/core-util
2269 silly ADD node_modules/@githubnext/github-copilot-cli/node_modules/@azure/abort-controller
2270 silly ADD node_modules/@githubnext/github-copilot-cli/node_modules/diagnostic-channel-publishers
2271 silly ADD node_modules/@githubnext/github-copilot-cli/node_modules/diagnostic-channel
2272 silly ADD node_modules/@githubnext/github-copilot-cli/node_modules/diagnostic-channel/node_modules/semver
2273 silly ADD node_modules/@githubnext/github-copilot-cli/node_modules/continuation-local-storage
2274 silly ADD node_modules/@githubnext/github-copilot-cli/node_modules/cls-hooked
2275 silly ADD node_modules/@githubnext/github-copilot-cli/node_modules/@opentelemetry/semantic-conventions
2276 silly ADD node_modules/@githubnext/github-copilot-cli/node_modules/@opentelemetry/sdk-trace-base
2277 silly ADD node_modules/@githubnext/github-copilot-cli/node_modules/@opentelemetry/sdk-trace-base/node_modules/@opentelemetry/semantic-conventions
2278 silly ADD node_modules/@githubnext/github-copilot-cli/node_modules/@opentelemetry/core
2279 silly ADD node_modules/@githubnext/github-copilot-cli/node_modules/@opentelemetry/core/node_modules/@opentelemetry/semantic-conventions
2280 silly ADD node_modules/@githubnext/github-copilot-cli/node_modules/@opentelemetry/api
2281 silly ADD node_modules/@githubnext/github-copilot-cli/node_modules/@microsoft/applicationinsights-web-snippet
2282 silly ADD node_modules/@githubnext/github-copilot-cli/node_modules/@azure/opentelemetry-instrumentation-azure-sdk
2283 silly ADD node_modules/@githubnext/github-copilot-cli/node_modules/@azure/opentelemetry-instrumentation-azure-sdk/node_modules/@opentelemetry/core
2284 silly ADD node_modules/@githubnext/github-copilot-cli/node_modules/@azure/core-rest-pipeline
2285 silly ADD node_modules/@githubnext/github-copilot-cli/node_modules/@azure/core-auth
2286 silly ADD node_modules/@githubnext/github-copilot-cli/node_modules/zustand
2287 silly ADD node_modules/@githubnext/github-copilot-cli/node_modules/uuid
2288 silly ADD node_modules/@githubnext/github-copilot-cli/node_modules/use-zustand
2289 silly ADD node_modules/@githubnext/github-copilot-cli/node_modules/ts-dedent
2290 silly ADD node_modules/@githubnext/github-copilot-cli/node_modules/tough-cookie
2291 silly ADD node_modules/@githubnext/github-copilot-cli/node_modules/tiny-invariant
2292 silly ADD node_modules/@githubnext/github-copilot-cli/node_modules/simple-update-notifier
2293 silly ADD node_modules/@githubnext/github-copilot-cli/node_modules/simple-update-notifier/node_modules/semver
2294 silly ADD node_modules/@githubnext/github-copilot-cli/node_modules/semver
2295 silly ADD node_modules/@githubnext/github-copilot-cli/node_modules/react-query
2296 silly ADD node_modules/@githubnext/github-copilot-cli/node_modules/react-dom
2297 silly ADD node_modules/@githubnext/github-copilot-cli/node_modules/react-devtools-core
2298 silly ADD node_modules/@githubnext/github-copilot-cli/node_modules/radash
2299 silly ADD node_modules/@githubnext/github-copilot-cli/node_modules/ora
2300 silly ADD node_modules/@githubnext/github-copilot-cli/node_modules/ora/node_modules/ansi-regex
2301 silly ADD node_modules/@githubnext/github-copilot-cli/node_modules/ora/node_modules/restore-cursor
2302 silly ADD node_modules/@githubnext/github-copilot-cli/node_modules/ora/node_modules/strip-ansi
2303 silly ADD node_modules/@githubnext/github-copilot-cli/node_modules/ora/node_modules/cli-cursor
2304 silly ADD node_modules/@githubnext/github-copilot-cli/node_modules/marked-terminal
2305 silly ADD node_modules/@githubnext/github-copilot-cli/node_modules/marked-terminal/node_modules/ansi-escapes
2306 silly ADD node_modules/@githubnext/github-copilot-cli/node_modules/marked
2307 silly ADD node_modules/@githubnext/github-copilot-cli/node_modules/inquirer
2308 silly ADD node_modules/@githubnext/github-copilot-cli/node_modules/inquirer/node_modules/buffer
2309 silly ADD node_modules/@githubnext/github-copilot-cli/node_modules/inquirer/node_modules/log-symbols
2310 silly ADD node_modules/@githubnext/github-copilot-cli/node_modules/inquirer/node_modules/is-unicode-supported
2311 silly ADD node_modules/@githubnext/github-copilot-cli/node_modules/inquirer/node_modules/is-interactive
2312 silly ADD node_modules/@githubnext/github-copilot-cli/node_modules/inquirer/node_modules/chalk
2313 silly ADD node_modules/@githubnext/github-copilot-cli/node_modules/inquirer/node_modules/bl
2314 silly ADD node_modules/@githubnext/github-copilot-cli/node_modules/inquirer/node_modules/ora
2315 silly ADD node_modules/@githubnext/github-copilot-cli/node_modules/ink-text-input
2316 silly ADD node_modules/@githubnext/github-copilot-cli/node_modules/ink-text-input/node_modules/type-fest
2317 silly ADD node_modules/@githubnext/github-copilot-cli/node_modules/ink-text-input/node_modules/chalk
2318 silly ADD node_modules/@githubnext/github-copilot-cli/node_modules/ink-spinner
2319 silly ADD node_modules/@githubnext/github-copilot-cli/node_modules/ink-select-input
2320 silly ADD node_modules/@githubnext/github-copilot-cli/node_modules/ink-divider
2321 silly ADD node_modules/@githubnext/github-copilot-cli/node_modules/react
2322 silly ADD node_modules/@githubnext/github-copilot-cli/node_modules/ink
2323 silly ADD node_modules/@githubnext/github-copilot-cli/node_modules/ink/node_modules/chalk
2324 silly ADD node_modules/@githubnext/github-copilot-cli/node_modules/immer
2325 silly ADD node_modules/@githubnext/github-copilot-cli/node_modules/get-stream
2326 silly ADD node_modules/@githubnext/github-copilot-cli/node_modules/commander
2327 silly ADD node_modules/@githubnext/github-copilot-cli/node_modules/cli-highlight
2328 silly ADD node_modules/@githubnext/github-copilot-cli/node_modules/cli-highlight/node_modules/chalk
2329 silly ADD node_modules/@githubnext/github-copilot-cli/node_modules/chalk
2330 silly ADD node_modules/@githubnext/github-copilot-cli/node_modules/axios
2331 silly ADD node_modules/@githubnext/github-copilot-cli/node_modules/axios/node_modules/agent-base
2332 silly ADD node_modules/@githubnext/github-copilot-cli/node_modules/axios/node_modules/https-proxy-agent
2333 silly ADD node_modules/@githubnext/github-copilot-cli/node_modules/applicationinsights
2334 verbose cwd /data/data/com.termux/files/home
2335 verbose os Linux 6.1.128-android14-11-32532371-abX218USQSBEZBE
2336 verbose node v26.2.0
2337 verbose npm  v11.16.0
2338 notice
2338 notice New [33mminor[39m version of npm available! [33m11.16.0[39m -> [34m11.17.0[39m
2338 notice Changelog: [34mhttps://github.com/npm/cli/releases/tag/v11.17.0[39m
2338 notice To update run: [4mnpm install -g npm@11.17.0[24m
2338 notice  { force: true, Symbol(proc-log.meta): true }
2339 verbose exit 0
2340 info ok
